,pid,PendingInputStaging,Done
0,1,1416.41174293,2323.75243902
1,1,1416.47445488,2323.80013585
2,1,1416.527529,2323.90781903
3,1,1416.556036,2323.947191
4,1,1416.57478786,2323.99017191
5,1,1416.59400201,2325.13034487
6,1,1416.61294985,2325.16844392
7,1,1416.63283587,2325.20043206
8,1,1416.6747129,2325.23164105
9,1,1416.69815397,2325.25188088
10,1,1416.71873593,2326.33164406
11,1,1416.742208,2326.34332991
12,1,1416.76185083,2326.43038392
13,1,1416.78288794,2326.43068004
14,1,1416.80517602,2326.50069594
15,1,1416.8527689,2326.58532095
16,1,1416.90731907,2326.70067
17,1,1416.97279,2326.76548386
18,1,1417.01545691,2327.56141186
19,1,1417.03705001,2327.60808897
20,1,1417.05633187,2328.78885102
21,1,1417.07636595,2328.88605499
22,1,1417.09473896,2328.88966203
23,1,1417.11338401,2328.95226288
24,1,1417.13853788,2328.95883489
25,1,1417.19982791,2330.01963496
26,1,1417.15937591,2330.02010202
27,1,1417.24717784,2330.04162788
28,1,1417.22802997,2330.04221702
29,1,1417.26973891,2330.06204605
30,1,1417.29158497,2331.12584805
31,1,1417.31814504,2331.13968396
32,1,1417.33990884,2331.17495298
33,1,1417.35908294,2331.17670107
34,1,1417.43115091,2331.21907091
35,1,1422.52843046,2332.23699903
36,1,1422.55141449,2333.53663492
37,1,1422.55945802,2333.54721999
38,1,1422.56282699,2333.59575105
39,1,1422.58477199,2333.59584498
40,1,1422.63125348,2333.61285591
41,1,1422.59552395,2334.68112206
42,1,1422.69980204,2334.70427585
43,1,1422.72569299,2334.74928784
44,1,1422.88941646,2334.76939487
45,1,1422.92644536,2334.784307
46,1,1422.96908295,2334.80345798
47,1,1422.98888695,2334.83786488
48,1,1422.98637605,2334.87339687
49,1,1423.00507545,2334.91667295
50,1,1423.01631594,2334.95633602
51,1,1423.03106737,2336.03245687
52,1,1423.04485297,2336.05821896
53,1,1423.06000638,2336.12365294
54,1,1423.07779884,2336.16498899
55,1,1423.10069752,2336.19554591
56,1,1423.11108387,2337.25345397
57,1,1423.11456597,2337.27872396
58,1,1423.12123299,2337.28243685
59,1,1423.13458443,2337.29574084
60,1,1423.14027941,2337.30093288
61,1,1423.17170739,2338.34701395
62,1,1423.19278848,2338.35869789
63,1,1423.24230599,2338.36714196
64,1,1423.24977195,2338.37606287
65,1,1423.26806355,2338.38498497
66,1,1423.28631949,2339.67784286
67,1,1423.27167392,2339.67841601
68,1,1423.28635645,2339.76863384
69,1,1423.30291939,2339.76885605
70,1,1423.29997802,2339.78997493
71,1,1423.3282305,2339.79169893
72,1,1423.3470974,2340.838063
73,1,1423.3901509,2340.83899188
74,1,1423.39681542,2340.86663699
75,1,1423.42927492,2340.87022901
76,1,1423.43178654,2340.93088484
77,1,1423.44347394,2340.9390769
78,1,1419.29774284,2340.96792102
79,1,1419.31017399,2340.97214985
80,1,1419.31707096,2340.98783898
81,1,1419.33162999,2342.04134893
82,1,1419.34021997,2342.118186
83,1,1419.36327505,2342.1184299
84,1,1419.37969685,2342.20181203
85,1,1419.41475201,2342.20223999
86,1,1419.42518806,2342.24107504
87,2,1434.27187896,2342.24498391
88,2,1434.32945299,2342.29421687
89,2,1434.38166904,2342.31088495
90,2,1434.40516806,2342.35379291
91,1,1419.45906591,2343.45894885
92,1,1419.45952797,2343.50724006
93,1,1419.54268098,2343.58696795
94,1,1419.56625104,2343.61343002
95,1,1419.62799191,2343.62404585
96,2,1434.42451191,2343.63301396
97,2,1434.44409585,2343.64386797
98,2,1434.46373606,2343.65370798
99,2,1434.49528098,2343.66568804
100,2,1434.53020406,2343.67690301
101,2,1434.56336188,2343.72545385
102,2,1439.47311151,2343.77574992
103,2,1439.51835346,2343.82700205
104,2,1439.54513001,2343.86072898
105,2,1439.5566355,2343.89841986
106,1,1419.62960601,2344.97325897
107,1,1419.69295287,2344.99084401
108,1,1419.69330192,2345.04365587
109,1,1419.78273892,2345.05480003
110,1,1419.78329706,2345.09923005
111,1,1419.92067504,2345.10433507
112,1,1419.924582,2345.11618805
113,1,1419.95821595,2345.12130499
114,1,1419.96237493,2345.13290787
115,1,1420.00657988,2345.13765597
116,2,1439.57267487,2345.15557194
117,2,1439.60070741,2345.16313291
118,2,1439.65034342,2345.17409801
119,2,1439.6935885,2345.22331691
120,2,1439.71928346,2345.27576184
121,2,1439.74338686,2345.3340199
122,1,1420.00971389,2346.45508885
123,1,1420.090096,2346.46333694
124,1,1420.09056187,2346.62874889
125,1,1420.21382189,2346.63310003
126,1,1420.21428585,2346.79647183
127,2,1439.78384197,2346.798105
128,2,1439.79751897,2346.87883186
129,2,1435.27376103,2346.89045095
130,2,1435.31114292,2346.94416785
131,2,1435.32279086,2346.96319294
132,2,1435.35899091,2347.0129149
133,2,1435.3942399,2347.01322985
134,1,1420.29621792,2347.07553196
135,1,1420.29568601,2347.07855487
136,1,1420.44201899,2347.15979886
137,1,1420.4426949,2347.16014791
138,1,1420.54372597,2347.22400594
139,2,1435.44696093,2347.2302959
140,2,1435.47961187,2347.28318286
141,1,1420.54429603,2348.38503599
142,1,1420.62498188,2348.42390895
143,1,1420.62154889,2348.50028586
144,1,1420.68953705,2348.513556
145,1,1420.68926787,2348.53818703
146,2,1435.49120593,2348.55478001
147,2,1435.49874902,2348.56483889
148,2,1435.51044583,2348.57472301
149,2,1435.52098489,2348.58554506
150,2,1435.55034399,2348.59548306
151,1,1420.70897603,2349.63429594
152,1,1420.7107029,2349.65232897
153,1,1420.7303369,2349.66092086
154,1,1420.73071289,2349.67698383
155,1,1420.76124787,2349.68564606
156,2,1435.55976391,2349.69651985
157,2,1435.71982598,2349.71512985
158,2,1435.72031403,2349.72514391
159,2,1435.81584096,2349.7354579
160,2,1435.81640291,2349.74680591
161,1,1420.76163888,2350.84330988
162,1,1420.78781891,2350.85884595
163,1,1420.78830791,2350.90458298
164,1,1420.81072998,2350.90812898
165,1,1420.81123304,2350.92216301
166,2,1435.92542505,2350.92611194
167,2,1435.92945504,2350.95449305
168,2,1436.02269506,2350.96154499
169,2,1436.02317405,2351.00155497
170,2,1436.07072306,2351.03008199
171,2,1436.07187605,2351.14761591
172,1,1420.85677505,2351.15345287
173,1,1420.85726905,2351.22872806
174,1,1420.88453698,2351.2425139
175,1,1420.88492584,2351.30767393
176,2,1436.12791896,2351.33182597
177,2,1436.12840295,2351.388129
178,2,1436.16619205,2351.43922901
179,2,1436.17167187,2351.53450704
180,1,1420.9057579,2352.60594296
181,1,1420.90626502,2352.62473106
182,1,1420.93082905,2352.63986897
183,1,1420.93125391,2352.64225197
184,1,1420.95281506,2352.65658903
185,1,1420.95325899,2352.65956187
186,2,1436.209934,2352.67613602
187,2,1436.21156406,2352.67814589
188,2,1436.22843504,2352.69548702
189,2,1436.23081088,2352.69933987
190,2,1436.25072193,2352.71415591
191,1,1420.982903,2353.7397809
192,1,1420.98458886,2353.75290203
193,1,1421.00864601,2353.75867796
194,1,1421.01501989,2353.76986289
195,1,1421.02838898,2353.77534199
196,2,1436.25135803,2353.78786302
197,2,1436.27729487,2353.79303098
198,2,1436.27784586,2353.80627203
199,2,1436.29624605,2353.8105979
200,1,1421.03446388,2354.87623787
201,1,1421.05436206,2354.87741303
202,1,1421.05475497,2354.98211098
203,1,1421.07275987,2354.9828639
204,1,1421.0749259,2355.13484406
205,2,1436.29794598,2355.14284396
206,1,1421.09445095,2355.28805494
207,1,1421.09096384,2355.29418397
208,1,1421.12918305,2355.37526202
209,1,1421.12976599,2355.37983084
210,1,1421.1512599,2355.46237206
211,2,1436.31947684,2355.46660495
212,2,1436.31803393,2355.50660396
213,2,1436.33906102,2355.50837588
214,2,1436.34045005,2355.52454996
215,2,1436.36755085,2355.52818894
216,2,1436.39069104,2355.54701495
217,2,1436.418998,2355.55109596
218,2,1436.43207693,2355.56915593
219,2,1436.43980098,2355.59982896
220,2,1436.45767188,2355.60938501
221,1,1421.1509459,2356.66748095
222,1,1421.16954088,2356.68159699
223,1,1421.17262292,2356.68462801
224,1,1421.19278383,2356.72260499
225,1,1421.18796396,2356.722332
226,2,1436.48042893,2356.74305487
227,2,1436.46856284,2356.74334192
228,2,1436.48821902,2356.79413295
229,2,1436.49983692,2356.81006289
230,1,1421.20789289,2357.92157006
231,1,1421.21236587,2357.94590998
232,1,1421.22897196,2357.99874187
233,1,1421.23179293,2358.06137896
234,1,1421.24801397,2358.13520384
235,2,1436.52196693,2358.15721893
236,2,1436.5384059,2358.18352604
237,2,1436.57494998,2358.19517088
238,2,1436.58174086,2358.21036601
239,2,1436.59471202,2358.21937203
240,2,1436.60146403,2358.23745704
241,2,1436.61418796,2358.27012992
242,1,1421.24976087,2358.32290006
243,1,1421.26609802,2358.36906099
244,1,1421.26980901,2358.3767879
245,1,1421.29231095,2358.38837695
246,1,1421.292907,2358.40018106
247,2,1436.62045503,2358.41021705
248,2,1436.63421202,2358.42145991
249,2,1436.63947105,2358.43053198
250,1,1421.31275606,2359.45926785
251,1,1421.31377602,2359.47663999
252,1,1421.34875989,2359.494663
253,1,1421.37934995,2359.51179194
254,1,1421.39576602,2359.52448201
255,2,1436.65491199,2359.53024697
256,2,1436.66943288,2359.54350591
257,2,1436.70748091,2359.54910588
258,2,1436.7513659,2359.56249499
259,2,1436.81061888,2359.56751084
260,2,1436.84612703,2359.58143187
261,1,1421.39931989,2360.64249802
262,1,1421.42395306,2360.66162992
263,1,1421.42459393,2360.74261904
264,1,1421.44810486,2360.74981284
265,1,1421.44778085,2360.79745984
266,2,1436.85948491,2360.80594707
267,2,1436.86483502,2360.85972691
268,2,1436.8786869,2360.86545801
269,2,1436.88424087,2361.01731706
270,2,1436.89748502,2361.03402185
271,2,1436.90515184,2361.17284489
272,2,1436.91689587,2361.18664598
273,2,1436.92424989,2361.25064802
274,2,1436.93768787,2361.25111794
275,2,1436.943887,2361.28518605
276,1,1421.46699595,2362.31077695
277,1,1421.46925306,2362.36949706
278,1,1421.49153495,2362.39306688
279,1,1421.49222898,2362.49296188
280,1,1421.51877999,2362.50923204
281,1,1421.51815295,2362.53601289
282,1,1421.54603696,2362.54485106
283,1,1421.54821706,2362.57803893
284,1,1421.56654501,2362.59658599
285,2,1436.95608497,2362.65301394
286,2,1436.96827292,2362.67825484
287,2,1436.97959399,2362.72925687
288,2,1436.98714495,2362.75830102
289,2,1437.00807405,2362.77374291
290,1,1421.5669589,2363.80868506
291,1,1421.58842587,2363.82592702
292,1,1421.60000992,2363.83235598
293,1,1421.60782003,2363.84244299
294,1,1421.62050986,2363.84985685
295,2,1437.01899695,2363.860605
296,2,1437.03021693,2363.86800289
297,2,1437.03802705,2363.87865186
298,2,1437.04949594,2363.88762403
299,2,1437.05708194,2363.89860797
300,3,1453.09087586,2365.07731485
301,3,1453.09262991,2365.09002686
302,3,1453.418993,2365.14607596
303,3,1453.41927695,2365.18169498
304,3,1453.48283195,2365.22069287
305,1,1421.62851906,2364.9477129
306,1,1421.6412189,2364.959306
307,1,1421.65276003,2364.967906
308,1,1421.66051602,2364.97902894
309,1,1421.67191005,2364.98661304
310,1,1421.68031406,2364.99624491
311,2,1437.07448697,2365.00781703
312,2,1437.08055305,2365.01574087
313,2,1437.09466004,2365.02610898
314,2,1437.10523486,2365.03488898
315,2,1437.11478496,2365.04434991
316,2,1437.12929702,2365.24387693
317,2,1437.13535404,2365.27498794
318,2,1437.149786,2365.30234504
319,2,1437.16090584,2365.35716891
320,2,1437.17359591,2365.39389491
321,3,1453.48347092,2366.91002107
322,3,1453.55246496,2366.96847606
323,3,1453.55282784,2367.02420998
324,3,1453.61124802,2367.11243987
325,3,1453.6145339,2367.13853693
326,1,1421.7018609,2366.47468591
327,1,1421.71427107,2366.49590993
328,1,1421.72111988,2366.57108307
329,1,1421.73434901,2366.588552
330,1,1421.74658585,2366.64840603
331,3,1453.69492006,2367.20823097
332,3,1453.70496488,2367.22404194
333,3,1453.7331419,2367.64113784
334,3,1453.73965693,2367.67004395
335,3,1453.78225303,2367.79878187
336,1,1421.75734305,2366.66674495
337,1,1421.77523994,2366.72640586
338,1,1421.78949189,2366.75343394
339,1,1421.81327796,2366.77516603
340,2,1437.187325,2366.78393888
341,2,1437.19828987,2366.79497504
342,2,1437.20953202,2366.81160784
343,2,1437.22973084,2366.85999489
344,2,1437.23742199,2367.35869288
345,2,1437.249295,2367.38650084
346,2,1437.27160001,2367.47217488
347,2,1437.26126289,2367.47256494
348,1,1421.86865497,2367.51110601
349,1,1421.91620588,2367.51212287
350,1,1421.96321988,2367.54586196
351,1,1421.98364496,2367.54616785
352,1,1421.99722099,2367.56248188
353,2,1437.28604603,2367.56366801
354,3,1453.78260183,2367.81140685
355,3,1453.87291002,2367.84554791
356,3,1453.87342596,2367.85750103
357,3,1454.00691891,2367.89035392
358,3,1454.00986004,2367.9282949
359,3,1454.11387587,2369.19623995
360,3,1454.11438084,2369.21718502
361,3,1454.14717793,2369.23784399
362,3,1454.14790702,2369.25590205
363,1,1421.84846497,2369.044801
364,1,1422.01167107,2369.0619719
365,1,1422.023844,2369.082973
366,1,1422.03169703,2369.10001302
367,1,1422.043926,2369.11670494
368,2,1437.30173588,2369.13274097
369,2,1437.30941391,2369.13445401
370,2,1437.34541106,2369.15033603
371,2,1437.36346292,2369.15219998
372,2,1437.39551806,2369.17906189
373,3,1454.17216206,2370.8221879
374,3,1454.17263198,2370.84849405
375,3,1454.19428897,2370.97198987
376,3,1454.19859195,2370.97334194
377,3,1454.212816,2371.08679295
378,1,1422.05253196,2370.33770204
379,1,1422.06896806,2370.35933089
380,1,1422.07089305,2370.39436197
381,1,1422.09470201,2370.39790487
382,1,1422.09509897,2370.41175103
383,2,1437.44061685,2370.423347
384,2,1437.47988701,2370.43732905
385,2,1437.49397302,2370.50065994
386,2,1437.53216791,2370.54620695
387,2,1437.59997201,2370.55894995
388,2,1437.67109799,2370.56916499
389,2,1437.70409703,2370.5934
390,1,1422.16854095,2370.61624002
391,1,1422.16785502,2370.64680505
392,1,1422.189888,2370.65863299
393,1,1422.19148302,2370.66874504
394,1,1422.21132207,2370.70591784
395,2,1437.7547729,2370.74629092
396,3,1454.21710992,2371.08645201
397,3,1454.23998904,2371.20677805
398,3,1454.24085093,2371.20965695
399,3,1454.26389003,2371.38444805
400,3,1454.26427007,2371.384269
401,2,1437.78753185,2370.77628398
402,2,1437.82314706,2370.78649688
403,2,1437.85078096,2371.52076197
404,2,1437.86212206,2371.52563095
405,2,1437.89086199,2371.5976119
406,2,1437.87723494,2371.59807205
407,1,1422.21176696,2371.63547587
408,1,1422.23010898,2371.63940597
409,1,1422.23294497,2371.68162084
410,1,1422.24894786,2371.70772386
411,3,1454.30704904,2371.91606092
412,3,1454.30891395,2371.93652987
413,3,1454.32827306,2371.97995186
414,3,1454.33405399,2372.07513189
415,3,1454.34737301,2372.14530396
416,1,1422.25278902,2371.81398106
417,2,1437.89878988,2371.85946202
418,3,1454.35366893,2373.45189285
419,3,1454.36666203,2373.577142
420,3,1454.3720789,2373.579916
421,3,1454.38767695,2373.62485003
422,3,1454.39534688,2373.63078785
423,1,1422.26845384,2373.24576306
424,1,1422.27285504,2373.26346302
425,1,1422.29013705,2373.31332588
426,1,1422.29390883,2373.32250094
427,1,1422.4032979,2373.33384299
428,2,1437.91074586,2373.34336305
429,2,1437.91860199,2373.35324097
430,2,1437.92997289,2373.36436391
431,2,1437.937989,2373.37372184
432,2,1437.96619391,2373.38508487
433,2,1438.03799891,2373.47938991
434,2,1438.1043129,2373.50894403
435,2,1438.12745285,2373.52850986
436,2,1438.15530801,2373.53991199
437,2,1438.16333699,2373.54776597
438,1,1422.40402198,2373.64306903
439,1,1422.4443109,2373.65338206
440,1,1422.44470596,2373.66606593
441,1,1422.46947098,2373.67927289
442,1,1422.46996903,2373.68720102
443,3,1454.40631104,2374.879457
444,3,1454.41937089,2374.89878798
445,3,1454.45516396,2374.9142859
446,3,1454.49893785,2374.94236207
447,3,1454.49946499,2374.97824192
448,1,1422.48921204,2374.72663999
449,1,1422.49568391,2374.73962402
450,1,1422.50928688,2374.74369788
451,1,1422.51552796,2374.75783396
452,1,1422.53119802,2374.77258086
453,2,1438.17599201,2374.82620192
454,2,1438.18228698,2374.83507895
455,2,1438.19488001,2374.84572506
456,2,1438.20107007,2374.85604405
457,2,1438.214252,2374.86440492
458,3,1454.52806401,2375.01190686
459,3,1454.52843285,2375.03309894
460,3,1454.54783797,2375.0459969
461,3,1454.55205703,2375.07785392
462,3,1454.56644487,2375.09273791
463,3,1454.57320404,2376.30433893
464,3,1454.58594584,2376.33391786
465,3,1454.59190893,2376.35531902
466,3,1454.60435605,2376.38622904
467,3,1454.61150193,2376.40065289
468,1,1422.53477407,2376.12599492
469,1,1422.55702305,2376.1445539
470,1,1422.55769396,2376.16773295
471,1,1422.57695103,2376.17749786
472,1,1422.59004784,2376.18693399
473,1,1422.60690904,2376.19591784
474,2,1438.22049999,2376.22862291
475,2,1438.23301101,2376.25149488
476,2,1438.23971987,2376.26251388
477,2,1438.25339198,2376.26971698
478,2,1438.2590909,2376.28183985
479,3,1454.62326503,2378.28141093
480,3,1454.63867784,2378.3479259
481,3,1454.65758896,2378.41452885
482,3,1454.67381692,2378.44151592
483,3,1454.68596888,2378.48540306
484,1,1422.62930298,2377.45762086
485,1,1422.66849685,2377.48314691
486,1,1422.73614407,2377.53140092
487,1,1422.77509403,2377.552495
488,1,1422.82500386,2377.57220507
489,2,1438.27176499,2377.60987186
490,2,1438.28030992,2377.653054
491,2,1438.31202102,2377.71943688
492,2,1438.34283805,2377.78791785
493,1,1422.89131999,2377.86182094
494,1,1422.962497,2377.89872384
495,1,1423.03090286,2377.92193484
496,3,1454.69460797,2378.53288603
497,3,1454.70552802,2378.74417186
498,3,1454.71684289,2378.78213596
499,3,1454.72521806,2378.85543489
500,3,1454.73713994,2379.09407902
501,1,1423.06123805,2377.96491599
502,2,1438.36408496,2378.02064705
503,2,1438.385077,2378.10071397
504,2,1438.40301085,2378.18131399
505,2,1438.41647696,2378.20966291
506,2,1438.42779803,2378.23517704
507,2,1438.44076586,2378.24887991
508,2,1438.52843499,2378.59059906
509,2,1438.53536797,2378.64635992
510,2,1438.57091284,2378.66189885
511,2,1438.57231593,2378.68011498
512,2,1438.66163898,2378.70181298
513,1,1423.08418298,2378.90166593
514,1,1423.09654284,2378.90841985
515,1,1423.10423899,2378.9184289
516,1,1423.14128685,2378.927742
517,1,1423.15349793,2378.94635987
518,3,1454.74488187,2379.12789202
519,3,1454.76131105,2379.16008401
520,3,1454.76657486,2379.19999194
521,3,1454.78766394,2379.27325892
522,1,1423.19383287,2378.98515391
523,3,1454.78858399,2379.35015607
524,3,1454.81395197,2380.51495004
525,3,1454.81454492,2380.54298592
526,3,1454.83693504,2380.57917285
527,3,1454.8374269,2380.62804389
528,3,1454.86552787,2380.65766501
529,1,1423.21402192,2380.39299393
530,1,1423.29122591,2380.40430784
531,1,1423.30047297,2380.41367197
532,1,1423.41898084,2380.42173696
533,1,1423.41947198,2380.43239093
534,2,1438.66354895,2380.44423795
535,2,1438.75134397,2380.45390987
536,2,1438.75186801,2380.46359491
537,2,1438.77987504,2380.47204185
538,2,1438.78496099,2380.48345804
539,2,1438.79994702,2380.58058906
540,2,1438.80417991,2380.59695292
541,2,1438.82555103,2380.60183501
542,2,1438.82599688,2380.62237787
543,3,1454.86663795,2382.36894584
544,3,1454.88559389,2382.372967
545,3,1454.88696289,2382.53697491
546,3,1454.90664697,2382.55032492
547,3,1454.90729594,2382.67711306
548,1,1423.47739601,2381.73911905
549,1,1423.47896791,2381.74013686
550,1,1423.62658906,2381.78916407
551,1,1423.66229892,2381.79002905
552,1,1423.74444604,2381.81832695
553,2,1438.84829497,2381.81947994
554,2,1438.84871507,2381.86193299
555,2,1438.88318896,2381.86889696
556,1,1423.75319195,2381.96557689
557,1,1423.79949188,2381.98563004
558,3,1454.92614889,2382.99066091
559,3,1454.92880487,2383.00186396
560,3,1454.96105886,2383.03515387
561,3,1454.96167684,2383.05709887
562,3,1454.98498988,2383.11308599
563,1,1423.79979086,2382.15680385
564,1,1423.86420798,2382.16200185
565,1,1423.86486101,2382.22206306
566,2,1438.88624501,2382.23475003
567,2,1438.947927,2382.28240085
568,2,1438.97104597,2382.28525805
569,2,1438.97950101,2382.68216491
570,2,1438.99579597,2382.80440784
571,2,1438.99912286,2382.80503988
572,2,1439.01486397,2382.87750793
573,2,1439.01810694,2382.87831783
574,1,1423.92338586,2382.90788484
575,1,1423.92733288,2382.90840006
576,1,1423.97660494,2382.93158984
577,1,1423.98622584,2382.9318819
578,3,1454.98546791,2383.19397998
579,3,1455.01030898,2383.22651291
580,3,1455.01398396,2383.25899196
581,3,1455.04482794,2383.37669802
582,3,1455.04534602,2383.45215893
583,3,1455.07370996,2384.42472506
584,3,1455.07485104,2384.45612001
585,3,1455.09835005,2384.50441384
586,3,1455.09890604,2384.538059
587,3,1455.12090707,2384.55875301
588,1,1424.04739904,2384.16533399
589,1,1424.05282903,2384.18750691
590,1,1424.07377601,2384.21701503
591,1,1424.07423401,2384.24452305
592,1,1424.09821701,2384.26540303
593,1,1424.09780288,2384.28459907
594,2,1439.07109499,2384.30531287
595,2,1439.07169294,2384.32542396
596,2,1439.23610592,2384.34276199
597,2,1439.23690391,2384.360075
598,2,1439.34640789,2384.37858105
599,3,1455.12156796,2386.25010085
600,3,1455.14010501,2386.25755906
601,3,1455.14411688,2386.30636001
602,3,1455.15988302,2386.30605507
603,3,1455.16347098,2386.3817749
604,1,1424.18748283,2385.62880993
605,1,1424.18810987,2385.66662097
606,1,1424.23264098,2385.74764585
607,1,1424.23333406,2385.81536007
608,1,1424.27611995,2385.88036799
609,2,1439.34691191,2385.92265105
610,2,1439.38923192,2385.94425893
611,2,1439.38983583,2385.95507598
612,2,1439.47138,2385.9813149
613,1,1424.30032706,2385.98787498
614,1,1424.33773685,2386.03961205
615,1,1424.37763,2386.048136
616,1,1424.41109085,2386.10439992
617,1,1424.42838097,2386.10555291
618,2,1439.47175789,2386.15087199
619,2,1439.61072302,2386.15143585
620,2,1439.65939999,2386.18325186
621,2,1439.61103296,2386.18228102
622,2,1439.679353,2386.20514202
623,2,1439.66012597,2386.20544791
624,3,1455.17928696,2386.39633894
625,3,1455.18415403,2386.50015187
626,3,1455.201195,2386.50795984
627,3,1455.20505285,2386.55672383
628,3,1455.24640584,2386.57751083
629,3,1455.26233196,2387.87837887
630,3,1455.27456403,2387.88051701
631,3,1455.29181385,2387.91220093
632,3,1455.32426,2387.91557097
633,3,1455.35496593,2387.94300103
634,1,1424.45536685,2387.62909794
635,1,1424.47648406,2387.64115405
636,1,1424.49525404,2387.66361904
637,1,1424.5108099,2387.67729402
638,2,1439.68213606,2387.71604896
639,2,1439.70179486,2387.73116994
640,2,1439.70232701,2387.77093291
641,2,1439.73316598,2387.77177405
642,2,1439.73361492,2387.79765487
643,2,1439.76452684,2387.7992599
644,2,1439.77977991,2387.837713
645,2,1439.79596305,2387.84074402
646,2,1439.80381989,2387.85500884
647,3,1455.37093091,2389.16798091
648,3,1455.39234591,2389.21009493
649,3,1455.4170959,2389.2221849
650,3,1455.43575501,2389.26391697
651,3,1455.44671702,2389.29778886
652,1,1424.51673388,2388.96234798
653,1,1424.5388,2388.98817492
654,1,1424.54049993,2389.00134397
655,1,1424.58732891,2389.00724792
656,1,1424.58776689,2389.01946497
657,2,1439.81680799,2389.02656484
658,2,1439.82384992,2389.03862286
659,1,1424.61050391,2389.04517794
660,1,1424.61231804,2389.05609488
661,1,1424.63616204,2389.06292105
662,1,1424.63720489,2389.07339191
663,1,1424.69459796,2389.08111405
664,1,1424.69491291,2389.09400487
665,2,1439.85875893,2389.09958601
666,2,1439.85927391,2389.11191893
667,2,1439.88470984,2389.13553905
668,3,1455.45809007,2389.34803891
669,3,1455.46632791,2389.38409495
670,3,1455.47802997,2389.41719389
671,3,1455.48676801,2389.4398489
672,1,1424.71981692,2390.39973593
673,3,1455.5222609,2390.97742701
674,3,1455.52427888,2391.01611805
675,3,1455.55394888,2391.07183504
676,3,1455.55450797,2391.13488984
677,1,1424.71912885,2390.49071884
678,1,1424.74219894,2390.55313206
679,1,1424.74739695,2390.62487292
680,1,1424.80135107,2390.68846583
681,2,1439.88886094,2390.73913002
682,2,1439.90345693,2390.78981996
683,2,1439.90879798,2390.86157799
684,2,1439.92260885,2390.89678097
685,2,1439.92839003,2390.94316888
686,2,1439.94170785,2390.94993806
687,2,1439.94730806,2390.96269894
688,1,1424.8204,2391.18039989
689,1,1424.84206295,2391.22963905
690,1,1424.87139392,2391.25479984
691,3,1455.59164095,2392.68999195
692,3,1455.59338188,2392.71117187
693,3,1455.61610794,2392.72422695
694,3,1455.61696386,2392.76114202
695,1,1424.88947606,2392.35851288
696,1,1424.90169287,2392.42478585
697,1,1424.91626,2392.46623492
698,1,1424.92850089,2392.49812293
699,3,1455.635782,2392.76136088
700,3,1455.64030194,2392.99104285
701,3,1455.65762806,2392.9935379
702,3,1455.65961385,2393.06844687
703,3,1455.68146396,2393.07431698
704,1,1424.93616104,2392.52439284
705,2,1439.96160793,2392.56153202
706,2,1439.97327495,2392.59943604
707,2,1439.98136187,2392.63851905
708,2,1439.99257207,2392.65816903
709,2,1440.00023603,2392.67342401
710,2,1440.01156092,2392.86942506
711,2,1440.01928401,2392.86981201
712,2,1440.03231597,2392.92631984
713,2,1440.04011703,2392.93430996
714,3,1455.68424201,2394.45114994
715,3,1455.70566988,2394.48151898
716,3,1455.71070099,2394.50294805
717,3,1455.72459793,2394.57054591
718,3,1455.72966599,2394.60017395
719,1,1424.94847989,2394.19747806
720,1,1424.95587707,2394.21206784
721,1,1424.96867394,2394.26928306
722,1,1424.98473501,2394.27024293
723,1,1425.04359698,2394.29214191
724,1,1425.068506,2394.29775286
725,1,1425.12034488,2394.32451391
726,1,1425.13309383,2394.32867193
727,1,1425.15659785,2394.3639369
728,1,1425.16457796,2394.38176084
729,2,1440.05117583,2394.39072895
730,2,1440.0603199,2394.400383
731,2,1440.08222294,2394.40930486
732,2,1440.08669686,2394.41871095
733,2,1440.10172296,2394.42785597
734,3,1455.74391198,2394.61794186
735,3,1455.74831295,2394.64462399
736,3,1455.76335287,2394.66835904
737,3,1455.76697683,2394.70805883
738,3,1455.79797602,2394.74402404
739,3,1455.79980683,2395.89109588
740,3,1455.82672596,2395.96401191
741,3,1455.82612085,2395.97868705
742,3,1455.85083485,2395.99580002
743,3,1455.85151386,2396.01715994
744,1,1425.17717195,2395.76430392
745,1,1425.18510103,2395.78758407
746,1,1425.19688606,2395.78842998
747,1,1425.20462394,2395.81795597
748,1,1425.21914792,2395.81833792
749,2,1440.10589695,2395.83896685
750,2,1440.12240386,2395.83989096
751,2,1440.12448406,2395.85866904
752,2,1440.1414659,2395.85934496
753,2,1440.14793801,2395.87683487
754,2,1440.17054892,2395.90065598
755,2,1440.17340088,2395.91350889
756,2,1440.18981886,2395.92437696
757,2,1440.19672298,2395.93480706
758,2,1440.20894003,2395.94364405
759,3,1455.88145995,2397.20749497
760,1,1425.22470403,2397.10476398
761,1,1425.26294494,2397.13770199
762,1,1425.29312396,2397.157233
763,2,1440.21657205,2397.18543386
764,3,1455.88204598,2398.67821193
765,3,1455.91224194,2398.75199103
766,3,1455.91274691,2398.828022
767,3,1456.00707293,2398.86458898
768,3,1456.02687001,2398.94214797
769,1,1425.31251597,2398.25860095
770,1,1425.33131003,2398.31764698
771,1,1425.35150194,2398.33731794
772,2,1440.23234987,2398.35674405
773,2,1440.24907184,2398.36926889
774,2,1440.25094986,2398.40394497
775,1,1425.3657639,2398.42563105
776,1,1425.39125299,2398.4719069
777,1,1425.41990805,2398.48489189
778,1,1425.45014787,2398.55650401
779,1,1425.46479487,2398.57438493
780,2,1440.27153397,2398.59465694
781,2,1440.29853296,2398.62223101
782,3,1456.06873298,2399.17624402
783,3,1456.00787592,2399.19123983
784,3,1456.09190798,2399.22709084
785,3,1456.02901506,2399.24831796
786,3,1456.13344002,2399.27606201
787,2,1440.27122188,2398.97684288
788,2,1440.29794097,2399.00857091
789,2,1440.32388091,2399.02788091
790,2,1440.323421,2399.10917997
791,2,1440.34647584,2399.11914587
792,3,1456.16688395,2400.74324799
793,3,1456.20626187,2400.77234197
794,3,1456.24952006,2400.861449
795,3,1456.29723787,2400.88144994
796,3,1456.30929184,2400.93035483
797,1,1425.4784019,2400.30667686
798,1,1425.52206802,2400.31668091
799,1,1425.57948589,2400.33991098
800,1,1425.61149406,2400.35089087
801,1,1425.62909484,2400.39416099
802,2,1440.35871792,2400.41095996
803,1,1425.64805794,2400.49368501
804,1,1425.68438506,2400.52017403
805,1,1425.708956,2400.63383698
806,1,1425.74651599,2400.65065503
807,1,1425.80310702,2400.68558884
808,2,1440.36648488,2400.68605089
809,2,1440.38266206,2400.70276785
810,2,1440.38611102,2400.70331788
811,2,1440.40959096,2400.72217989
812,3,1456.32462406,2400.94406104
813,3,1456.34186792,2400.96564984
814,3,1456.35250306,2401.0320909
815,3,1456.41792297,2401.05306602
816,3,1456.46277189,2401.26206899
817,2,1440.41007686,2401.08175397
818,2,1440.44295502,2401.11656594
819,2,1440.44493389,2401.16183805
820,2,1440.47017288,2401.2091229
821,2,1440.47427201,2401.22635293
822,3,1456.54548597,2402.51169491
823,3,1456.57848907,2402.51397491
824,3,1456.59866905,2402.54007506
825,3,1456.61690998,2402.54087591
826,3,1456.67051291,2402.57605195
827,1,1425.86381292,2402.32750201
828,1,1425.92387986,2402.37298083
829,1,1425.98188591,2402.37329388
830,1,1426.03298903,2402.39227796
831,1,1426.07297897,2402.39260197
832,2,1440.50665402,2402.41007185
833,2,1440.50719094,2402.41066194
834,2,1440.53168392,2402.42743492
835,2,1440.53653002,2402.42823005
836,1,1426.11338305,2402.44460988
837,1,1426.14182305,2402.44632292
838,1,1426.23703194,2402.46286488
839,1,1426.18445086,2402.46212196
840,2,1440.55139899,2402.48299003
841,1,1426.29115891,2402.48290086
842,3,1456.68220806,2403.81304097
843,3,1456.72522187,2403.87362194
844,3,1456.72592092,2403.88674092
845,3,1456.79471087,2403.97553897
846,3,1456.79436207,2404.00506806
847,1,1426.32577085,2403.60979795
848,1,1426.36658788,2403.62678194
849,1,1426.40246296,2403.63074994
850,1,1426.46647596,2403.65223289
851,1,1426.43518186,2403.65198994
852,2,1440.57267594,2403.676404
853,2,1440.55781698,2403.67665505
854,2,1440.57823205,2403.75778604
855,2,1440.59290004,2403.75822902
856,2,1440.59876704,2403.80247092
857,3,1456.88828087,2404.08623004
858,3,1456.91448188,2404.29127097
859,3,1457.08384585,2404.34055185
860,3,1457.12015796,2404.40145087
861,3,1457.19619703,2404.41739392
862,2,1440.61288285,2404.12529802
863,2,1440.63217592,2404.1881249
864,2,1440.64805794,2404.20633197
865,2,1440.65656304,2404.25763106
866,2,1440.66803288,2404.26014686
867,3,1457.20568085,2405.98903394
868,3,1457.24548197,2406.02506804
869,3,1457.25223303,2406.0549159
870,3,1457.268327,2406.08951092
871,3,1457.27166605,2406.22433996
872,1,1426.49528003,2405.53701997
873,1,1426.53413606,2405.55673385
874,1,1426.56714892,2405.58843899
875,1,1426.61200595,2405.5970149
876,1,1426.61993384,2405.62661886
877,1,1426.63496304,2405.68746901
878,1,1426.64029002,2405.731076
879,1,1426.65590096,2405.78151488
880,1,1426.66433001,2405.79156089
881,1,1426.67999887,2405.82260084
882,2,1440.68107295,2405.829983
883,2,1440.68727589,2405.83986998
884,2,1440.70036101,2405.85164094
885,2,1440.70606995,2405.88145995
886,2,1440.71921206,2405.90385294
887,3,1457.32560587,2406.26778483
888,3,1457.32600689,2406.28006887
889,3,1457.38711786,2406.34559798
890,3,1457.38756084,2406.36151004
891,3,1457.49082685,2406.38571692
892,2,1440.72618294,2406.09829402
893,2,1440.73814297,2406.10761094
894,2,1440.74509788,2406.11947703
895,2,1440.75718284,2406.12983799
896,2,1440.76448894,2406.15441298
897,3,1457.49131894,2407.68455505
898,3,1457.56167197,2407.70452499
899,3,1457.56208491,2407.71855307
900,3,1457.58561087,2407.74564099
901,3,1457.58590388,2407.76012492
902,1,1426.6879549,2407.50104284
903,1,1426.70899987,2407.52318287
904,1,1426.70938492,2407.56471205
905,1,1426.73516798,2407.56971598
906,1,1426.73769403,2407.58104587
907,1,1426.86208701,2407.58582902
908,1,1426.87574697,2407.59713101
909,1,1426.96255898,2407.60318494
910,1,1426.96444106,2407.61516285
911,1,1426.99821591,2407.620538
912,2,1440.77720284,2407.63187504
913,2,1440.78444791,2407.63831997
914,2,1440.79622793,2407.64848495
915,2,1440.80770493,2407.6561079
916,2,1440.81540585,2407.66963601
917,3,1457.63712597,2409.08221292
918,3,1457.63791203,2409.08880806
919,3,1457.75892901,2409.10370207
920,3,1457.75957894,2409.10995603
921,3,1457.83034301,2409.16628098
922,1,1426.99869299,2408.82572603
923,1,1427.05404305,2408.84586692
924,1,1427.05500484,2408.92408895
925,1,1427.10383487,2408.95240498
926,1,1427.10433197,2409.00714397
927,2,1440.82949495,2409.00865483
928,2,1440.84003806,2409.02468801
929,2,1440.85507298,2409.02529001
930,3,1457.83089304,2409.17486596
931,3,1457.85974598,2409.29085493
932,3,1457.86057305,2409.31400204
933,3,1457.91285706,2409.34928894
934,3,1457.91912293,2409.38593507
935,2,1440.862602,2409.04132295
936,2,1440.87414098,2409.04185987
937,2,1440.88194489,2409.2366159
938,2,1440.89331603,2409.236866
939,2,1440.90083599,2409.25412703
940,2,1440.91729999,2409.25499105
941,2,1440.92102385,2409.27259207
942,3,1457.98857188,2410.5609529
943,3,1457.98887706,2410.58470893
944,3,1458.08027196,2410.66576099
945,3,1458.08081198,2410.79070401
946,3,1458.13877392,2410.81032491
947,1,1427.12311792,2410.42399096
948,1,1427.1258049,2410.42984605
949,1,1427.15544391,2410.44408202
950,1,1427.15519404,2410.44665098
951,1,1427.20097303,2410.46041489
952,2,1440.93910384,2410.46457887
953,2,1440.94041586,2410.47691703
954,2,1440.96382499,2410.48189306
955,2,1440.96505094,2410.49518204
956,2,1440.98924303,2410.50175285
957,1,1427.21984601,2410.69691491
958,1,1427.2355969,2410.71100402
959,1,1427.24846888,2410.71651196
960,1,1427.26638484,2410.7298069
961,1,1427.31470394,2410.73977304
962,3,1458.13965702,2412.07756805
963,3,1458.19584298,2412.07905698
964,3,1458.19630194,2412.10697389
965,3,1458.312953,2412.10676384
966,3,1458.31343699,2412.133991
967,1,1427.33127594,2411.90001202
968,1,1427.34372687,2411.9168129
969,1,1427.36244106,2411.94694805
970,1,1427.37004495,2411.94785786
971,1,1427.38553691,2411.985708
972,2,1440.98969388,2411.98705888
973,2,1441.00893497,2412.02247405
974,2,1441.01158404,2412.02860284
975,2,1441.04112792,2412.048594
976,2,1441.04173303,2412.0495019
977,3,1458.38343406,2412.15851307
978,3,1458.38316393,2412.20721197
979,3,1458.41563892,2412.24899197
980,3,1458.41995597,2412.44824886
981,3,1458.45273185,2412.48470688
982,2,1441.06155705,2412.23692799
983,2,1441.06530905,2412.26182389
984,2,1441.08661389,2412.28949189
985,2,1441.08793807,2412.32070398
986,2,1441.10956192,2412.37263393
987,3,1458.46665001,2413.66646886
988,3,1458.51615691,2413.71086001
989,3,1458.56247306,2414.0097599
990,3,1458.61536789,2414.04006386
991,3,1458.64806199,2414.08449697
992,1,1427.38991404,2413.55258203
993,1,1427.40922999,2413.56131506
994,1,1427.40952897,2413.57285905
995,1,1427.46785402,2413.58219695
996,1,1427.46835899,2413.59093404
997,2,1441.11399388,2413.59945107
998,2,1441.13500404,2413.60851502
999,2,1441.13561487,2413.61868191
1000,2,1441.1544919,2413.62929201
1001,2,1441.15753603,2413.63769388
1002,1,1427.50629592,2413.73274899
1003,1,1427.50702786,2413.790905
1004,1,1427.54664898,2413.82184505
1005,1,1427.5495379,2413.91542196
1006,1,1427.59334898,2413.95955706
1007,3,1458.68885684,2415.48640585
1008,3,1458.73553896,2415.51907587
1009,3,1458.80649304,2415.57636595
1010,3,1458.83822989,2415.58392191
1011,3,1458.86012292,2415.61441493
1012,1,1427.60025692,2415.17856002
1013,3,1458.87704992,2415.61759996
1014,3,1458.88856101,2415.68854094
1015,3,1458.90017796,2415.74134994
1016,3,1458.91314793,2415.91246104
1017,3,1458.92032385,2415.9307549
1018,1,1427.82856953,2415.19660902
1019,1,1427.80079746,2415.28929901
1020,1,1427.83011138,2415.29324985
1021,2,1441.18289804,2415.31654
1022,2,1441.18372297,2415.33013296
1023,2,1441.26790786,2415.34586096
1024,2,1441.26846099,2415.34669995
1025,2,1441.33740687,2415.36287785
1026,2,1441.33794498,2415.36354399
1027,2,1441.40279388,2415.38211083
1028,2,1441.40243506,2415.38195086
1029,2,1441.49535704,2415.41167784
1030,2,1441.49493384,2415.41213799
1031,1,1427.84003699,2415.78912997
1032,1,1427.87281203,2415.85683489
1033,1,1427.86645246,2415.86995101
1034,1,1427.93062806,2415.88118696
1035,1,1427.9307549,2415.88860989
1036,3,1458.93309402,2417.11243486
1037,3,1458.94472194,2417.13285589
1038,3,1458.95272803,2417.15283084
1039,3,1458.96409202,2417.17792892
1040,3,1458.97197604,2417.20723701
1041,1,1427.9510119,2416.96041083
1042,1,1427.93101597,2416.97751689
1043,1,1427.93290687,2416.99409294
1044,1,1427.95065188,2417.01044393
1045,1,1427.98251486,2417.02673984
1046,2,1441.61429286,2417.04311395
1047,2,1441.61381888,2417.05751991
1048,2,1441.63754797,2417.0609169
1049,2,1441.64080691,2417.07390285
1050,2,1441.69220495,2417.07797599
1051,3,1458.98404598,2418.81103086
1052,3,1458.99108005,2418.87177896
1053,3,1459.00297785,2419.12841702
1054,3,1459.01079893,2419.23298788
1055,3,1459.02234507,2419.28708792
1056,1,1427.95052385,2418.24095702
1057,1,1427.94984388,2418.2435689
1058,3,1459.03083491,2419.38924503
1059,3,1459.04119205,2419.41924286
1060,3,1459.05486107,2419.73640394
1061,3,1459.0625639,2419.75200701
1062,3,1459.07416105,2419.77048707
1063,1,1427.949646,2418.25772786
1064,1,1427.95013499,2418.2620399
1065,1,1427.94999385,2418.28899097
1066,1,1427.95114493,2418.32202888
1067,2,1441.704036,2418.38804793
1068,2,1441.76767206,2418.43869901
1069,2,1441.76819301,2418.48863101
1070,2,1441.86819386,2418.5309
1071,2,1441.86871099,2418.5561049
1072,2,1441.94357204,2418.58336496
1073,2,1441.9441359,2418.60893893
1074,2,1441.99031591,2418.63215995
1075,2,1441.99127889,2418.66990089
1076,2,1442.12302995,2418.72709703
1077,1,1427.93860698,2418.98386192
1078,1,1427.93848205,2419.00866294
1079,1,1427.98071003,2419.05718684
1080,1,1427.93804598,2419.06508493
1081,1,1427.93768191,2419.12024188
1082,3,1459.08259201,2419.7904439
1083,3,1459.09467697,2419.80552697
1084,3,1459.10675097,2419.8190999
1085,3,1459.11747885,2419.85810804
1086,3,1459.12934303,2419.97333384
1087,2,1442.12448597,2419.46796489
1088,2,1442.26602697,2419.50745296
1089,2,1442.26656699,2419.54083204
1090,2,1442.33090091,2419.60411286
1091,2,1442.33180785,2419.67055202
1092,1,1427.93089199,2419.85764885
1093,1,1427.93755794,2419.87756705
1094,1,1427.93742704,2419.87795806
1095,1,1427.93277287,2419.91462588
1096,1,1427.94056988,2419.91428399
1097,3,1459.14134192,2421.22729301
1098,3,1459.14927697,2421.24232006
1099,3,1459.16035104,2421.26014686
1100,3,1459.16864896,2421.28742194
1101,3,1459.18629193,2421.31347084
1102,1,1427.94044995,2420.99320698
1103,1,1427.93303704,2421.01644897
1104,1,1427.96261907,2421.03503799
1105,1,1427.95257092,2421.07985687
1106,2,1442.42849588,2421.11562395
1107,2,1442.43126798,2421.15627003
1108,2,1442.57740402,2421.16932607
1109,2,1442.57796693,2421.17964506
1110,2,1442.64640594,2421.18959498
1111,3,1459.19795895,2421.33647299
1112,3,1459.20493102,2421.35671091
1113,3,1459.2174809,2421.37759686
1114,3,1459.22519898,2421.40242887
1115,3,1459.23670697,2421.4411819
1116,2,1442.64754987,2421.44782495
1117,2,1442.77513003,2421.4601109
1118,2,1442.80343103,2421.47287107
1119,2,1442.87046289,2421.47694588
1120,2,1442.87930894,2421.49239707
1121,3,1459.24432087,2422.83038998
1122,3,1459.25565195,2422.89063787
1123,3,1459.26345301,2422.91553307
1124,3,1459.27554798,2423.26808095
1125,3,1459.28231287,2423.29033303
1126,1,1427.95446801,2422.55583
1127,1,1427.95477605,2422.55783606
1128,1,1427.95242,2422.57771301
1129,1,1427.95227289,2422.58182001
1130,1,1427.93873,2422.65887284
1131,1,1427.93884993,2422.66160583
1132,2,1442.9003489,2422.75320101
1133,2,1442.89612484,2422.75408101
1134,2,1442.915452,2422.77976489
1135,2,1442.91995502,2422.78128695
1136,2,1442.94542003,2422.81977105
1137,1,1427.9389689,2422.97112989
1138,1,1427.93908691,2423.02523899
1139,1,1427.93920493,2423.09693193
1140,1,1427.97233605,2423.1651299
1141,1,1427.93957901,2423.21713805
1142,3,1459.2945509,2424.67540693
1143,3,1459.30234885,2424.69710398
1144,3,1459.32436895,2424.724226
1145,3,1459.32481384,2424.7686429
1146,3,1459.34923792,2424.77254701
1147,1,1427.98732495,2424.32456493
1148,1,1427.96978593,2424.34218884
1149,1,1427.94020605,2424.41020703
1150,3,1459.36495805,2424.79942989
1151,3,1459.40493894,2424.80218196
1152,3,1459.41825485,2424.83301902
1153,3,1459.42588496,2424.85380101
1154,3,1459.43813396,2424.87463593
1155,1,1427.98348689,2424.43519402
1156,2,1442.94930696,2424.47241306
1157,2,1442.96985006,2424.51975703
1158,2,1443.01509285,2424.55693603
1159,2,1443.0607419,2424.57276106
1160,2,1443.11979294,2424.58899999
1161,2,1443.15143704,2424.5966239
1162,2,1443.16972685,2424.60672402
1163,2,1443.18182993,2424.61412597
1164,2,1443.2140379,2424.62845397
1165,2,1443.24839187,2424.64983988
1166,3,1459.44620204,2426.07983685
1167,3,1459.4621129,2426.09159589
1168,3,1459.47566104,2426.12852192
1169,3,1459.48916698,2426.14628601
1170,3,1459.50158596,2426.1679759
1171,1,1427.98362803,2425.90246487
1172,1,1427.98375297,2425.92115188
1173,1,1427.98787904,2425.92467189
1174,1,1427.96318793,2425.93802404
1175,1,1427.96333194,2425.94091606
1176,1,1427.96387196,2425.95480704
1177,1,1427.93780494,2425.960289
1178,1,1427.9265039,2425.97147989
1179,1,1427.97339487,2425.97746301
1180,1,1427.93792605,2425.98805094
1181,2,1443.27848101,2425.99448395
1182,2,1443.33114696,2426.00461793
1183,2,1443.36913896,2426.01252294
1184,2,1443.38901091,2426.02203107
1185,2,1443.42242599,2426.03810906
1186,3,1459.51059103,2427.45927906
1187,3,1459.54185295,2427.49096489
1188,3,1459.54097199,2427.5376339
1189,3,1459.57728195,2427.59076691
1190,3,1459.58129692,2427.71136093
1191,1,1427.97351694,2427.26651692
1192,1,1427.91029191,2427.29134989
1193,1,1427.92740989,2427.34552383
1194,1,1427.92577505,2427.34584785
1195,1,1427.92729092,2427.36274505
1196,2,1443.45718884,2427.36309099
1197,2,1443.49245501,2427.38004494
1198,2,1443.50364995,2427.38117194
1199,2,1443.53300595,2427.41756701
1200,2,1443.51531196,2427.41793489
1201,3,1459.59707284,2427.7675519
1202,3,1459.60085106,2427.81177807
1203,3,1459.62175989,2427.85027194
1204,3,1459.62233901,2427.89158297
1205,3,1459.64682007,2427.91485405
1206,2,1443.56549907,2427.59247589
1207,2,1443.59880495,2427.61819005
1208,2,1443.63086295,2427.64264584
1209,2,1443.64243484,2427.6535759
1210,2,1443.65071392,2427.68028307
1211,1,1427.92638206,2427.94497204
1212,1,1427.92662907,2427.96167397
1213,1,1427.92674804,2427.97816896
1214,1,1427.96361589,2427.99584198
1215,1,1427.91453791,2428.01545191
1216,3,1459.64784384,2429.40599799
1217,3,1459.6927669,2429.41732407
1218,3,1459.69721603,2429.440763
1219,3,1459.71400499,2429.46282506
1220,3,1459.71700001,2429.48906493
1221,2,1443.66234803,2428.95246196
1222,1,1427.91441584,2429.00488186
1223,1,1427.96945286,2429.12061191
1224,1,1427.91428494,2429.12959886
1225,1,1427.91403985,2429.18176103
1226,1,1427.91416287,2429.18157506
1227,2,1443.67572403,2429.2603879
1228,2,1443.68820596,2429.26079297
1229,2,1443.71277905,2429.34503984
1230,2,1443.70120096,2429.34527206
1231,3,1459.74592686,2431.21648884
1232,3,1459.74649906,2431.25644994
1233,3,1459.78478789,2431.27398896
1234,3,1459.7929709,2431.31241703
1235,3,1459.81526184,2431.32106304
1236,1,1427.91391492,2430.56091905
1237,3,1459.81575489,2431.35887194
1238,3,1459.85392404,2431.38469887
1239,3,1459.86186695,2431.41246295
1240,3,1459.88286686,2431.41829395
1241,3,1459.87891603,2431.43898892
1242,1,1427.91377902,2430.59743595
1243,1,1427.91843104,2430.62736392
1244,1,1427.92626095,2430.66034293
1245,1,1427.925529,2430.72063994
1246,2,1443.72087002,2430.79256487
1247,2,1443.74372506,2430.845402
1248,2,1443.78670287,2430.88216305
1249,2,1443.81063294,2430.90353084
1250,2,1443.82447696,2430.93049502
1251,2,1443.83682799,2430.95079899
1252,2,1443.84780598,2430.96868491
1253,2,1443.86388493,2430.98752999
1254,1,1427.92540598,2431.02596903
1255,1,1427.91073084,2431.07945204
1256,2,1443.8752439,2431.1566
1257,3,1459.93111086,2432.62048006
1258,3,1459.99050283,2432.66254807
1259,3,1460.02140284,2432.72627997
1260,3,1460.08919501,2432.75987601
1261,3,1459.98970795,2432.89590693
1262,2,1443.88826799,2432.47150397
1263,2,1443.89638686,2432.49066806
1264,2,1444.07084894,2432.49126887
1265,2,1444.10821986,2432.51736093
1266,2,1444.11572385,2432.51763606
1267,2,1444.13123107,2432.58443594
1268,3,1460.08892584,2432.91777587
1269,3,1460.01883388,2432.950387
1270,3,1460.14413285,2432.97891593
1271,3,1460.13762188,2433.03620887
1272,3,1460.23803997,2433.09120893
1273,2,1444.07111907,2432.78663206
1274,2,1444.13919997,2432.81564593
1275,2,1444.15420485,2432.83921695
1276,2,1444.16261506,2432.84743595
1277,2,1444.17388606,2432.85575485
1278,3,1460.27871084,2434.33847189
1279,3,1460.34176207,2434.34709406
1280,3,1460.34943986,2434.38129497
1281,3,1460.39052987,2434.38872385
1282,3,1460.39273596,2434.42534995
1283,2,1444.19380283,2434.19171691
1284,2,1444.20110989,2434.20916104
1285,2,1444.21547103,2434.24270391
1286,2,1444.22351885,2434.27680802
1287,2,1444.23505497,2434.29186797
1288,3,1460.44037485,2435.53212786
1289,3,1460.44440103,2435.54874587
1290,3,1460.53113699,2435.57511497
1291,3,1460.53364706,2435.59029889
1292,2,1444.24959683,2435.43799686
1293,2,1444.26067495,2435.455235
1294,2,1444.27708793,2435.47233701
1295,2,1444.284621,2435.4739809
1296,3,1460.59585094,2436.91188884
1297,3,1460.63614392,2437.25569797
1298,3,1460.65699792,2437.261379
1299,3,1460.68140602,2437.44049406
1300,3,1460.59632587,2437.44990087
1301,2,1444.30094886,2436.71483803
1302,2,1444.30862498,2436.72096086
1303,3,1460.65954995,2437.50127602
1304,3,1460.71809983,2437.50155187
1305,3,1460.63700986,2437.54138494
1306,3,1460.71859384,2437.54119706
1307,3,1460.68959689,2437.59405899
1308,2,1444.32022691,2436.81335092
1309,2,1444.35014391,2436.8139379
1310,2,1444.3735559,2436.88586402
1311,2,1444.32726288,2436.99162984
1312,2,1444.36186004,2437.01271605
1313,2,1444.54241347,2437.1048789
1314,2,1444.57757246,2437.10558391
1315,2,1444.57317054,2437.161695
1316,2,1444.60083544,2437.16257787
1317,3,1460.77778888,2438.76170588
1318,3,1460.78270197,2438.78943086
1319,3,1460.79986095,2438.82321787
1320,3,1460.80625701,2438.86794591
1321,2,1444.5981555,2438.68067503
1322,2,1444.60638189,2438.73214602
1323,2,1444.63758147,2438.73625207
1324,2,1444.63785446,2438.75315499
1325,3,1460.84474206,2438.92592502
1326,3,1460.86819601,2438.98555994
1327,3,1460.94539285,2439.20725489
1328,3,1460.97608304,2439.20906496
1329,3,1461.046911,2439.22943091
1330,3,1461.04736805,2439.23843288
1331,2,1444.69200194,2438.98807096
1332,2,1444.68414497,2439.08214307
1333,2,1444.69712389,2439.08247805
1334,2,1444.68859899,2439.17610693
1335,2,1444.71891594,2439.177526
1336,3,1461.07568002,2440.31493497
1337,3,1461.07715893,2440.32532191
1338,3,1461.13986588,2440.37471104
1339,3,1461.22309589,2440.38506293
1340,3,1461.32845497,2440.40927601
1341,2,1444.71903586,2440.26317501
1342,2,1444.74071383,2440.27013397
1343,2,1444.70191884,2440.2805419
1344,2,1444.74110889,2440.28937697
1345,3,1461.13427901,2441.695508
1346,3,1461.32791901,2441.69517589
1347,3,1461.41433907,2441.75694895
1348,3,1461.22247386,2441.76654601
1349,3,1461.49060988,2441.87807584
1350,2,1444.74083805,2441.48838401
1351,2,1444.76042604,2441.49812484
1352,2,1444.76028085,2441.53479886
1353,2,1444.74098587,2441.54604506
1354,2,1444.74135184,2441.58352685
1355,2,1444.70232296,2441.60181999
1356,3,1461.41024089,2441.97055984
1357,3,1461.49108696,2442.00416803
1358,3,1461.59339285,2442.33704305
1359,3,1461.60042596,2442.38237
1360,2,1444.74123192,2442.06622005
1361,2,1444.76092601,2442.14444184
1362,2,1444.76071286,2442.23533392
1363,2,1444.70217705,2442.28845906
1364,2,1444.66123986,2442.30571699
1365,3,1461.74142194,2443.52589583
1366,3,1461.74406886,2443.55564785
1367,3,1461.81511998,2443.60404587
1368,3,1461.81557488,2443.62693286
1369,3,1461.93625283,2443.65566397
1370,2,1444.70177484,2443.42361999
1371,2,1444.68463087,2443.44270706
1372,2,1444.70017385,2443.46204495
1373,2,1444.74644494,2443.47881198
1374,2,1444.70164394,2443.49749899
1375,3,1461.93705487,2444.05187392
1376,3,1462.13537598,2444.38652086
1377,3,1462.14990687,2444.42102599
1378,3,1462.29021406,2444.4609859
1379,3,1462.29090405,2444.531533
1380,2,1444.74951506,2444.208004
1381,2,1444.70044589,2444.29483604
1382,2,1444.70031786,2444.31236601
1383,2,1444.72024298,2444.33516788
1384,2,1444.73514605,2444.3518939
1385,3,1462.32433891,2445.83610797
1386,3,1462.32482004,2445.85284305
1387,3,1462.38315701,2445.903826
1388,3,1462.38353491,2445.91549587
1389,3,1462.45469594,2445.98140597
1390,3,1462.45425987,2446.00665784
1391,2,1444.73474598,2445.59727788
1392,2,1444.69602394,2445.64092398
1393,2,1444.72195697,2445.70422697
1394,2,1444.70622587,2445.73746395
1395,2,1444.72183704,2445.7627759
1396,3,1462.52708006,2446.35571504
1397,3,1462.52747703,2446.38359904
1398,3,1462.54735684,2446.45320892
1399,3,1462.54968786,2446.47890997
1400,3,1462.57089806,2446.5568099
1401,2,1444.65514803,2446.17035985
1402,2,1444.69556403,2446.21362686
1403,2,1444.65439892,2446.25626493
1404,2,1444.75990295,2446.29549193
1405,2,1444.69260192,2446.33093786
1406,3,1462.57171988,2447.70501399
1407,3,1462.62466598,2447.74885893
1408,3,1462.63436699,2447.79677701
1409,3,1462.68213987,2447.81031084
1410,3,1462.68276,2447.85990286
1411,2,1444.76012206,2447.59445906
1412,2,1444.75171685,2447.61212897
1413,2,1444.69296885,2447.63029385
1414,2,1444.76109099,2447.64770985
1415,2,1444.76239586,2447.67062593
1416,3,1462.70898986,2448.94217396
1417,3,1462.72850299,2448.95756602
1418,3,1462.74103999,2448.97716403
1419,3,1462.74782205,2449.00058484
1420,3,1462.76024485,2449.01692295
1421,2,1444.65103197,2448.88227701
1422,2,1444.68169403,2448.89974594
1423,2,1444.65629196,2448.90995502
1424,2,1444.69633389,2448.91904187
1425,3,1462.76772594,2450.0674839
1426,3,1462.80299997,2450.076262
1427,3,1462.81826687,2450.10751796
1428,3,1462.83775997,2450.13443804
1429,3,1462.85301089,2450.18252897
1430,3,1462.87064886,2450.24853897
1431,3,1462.8920939,2450.28258204
1432,3,1462.91085386,2450.3216989
1433,3,1462.9350729,2450.36457992
1434,3,1462.96482801,2450.40390587
1435,3,1463.00560498,2451.50278997
1436,3,1463.02170992,2451.52314901
1437,3,1463.04296494,2451.54328585
1438,3,1463.05470705,2451.57689595
1439,3,1463.067734,2451.61262894
1440,3,1463.07569695,2452.69192505
1441,3,1463.11203289,2452.72497797
1442,3,1463.11314201,2452.77599406
1443,3,1463.14590406,2452.7923429
1444,3,1463.14518595,2452.82494903
1445,3,1463.20015597,2453.88675284
1446,3,1463.20056391,2453.89758897
1447,3,1463.22467685,2453.93801188
1448,3,1463.22919989,2453.96276188
1449,3,1463.24379301,2453.99636507
1450,3,1463.24833393,2455.09438086
1451,3,1463.26328301,2455.1238699
1452,3,1463.26750302,2455.16662192
1453,3,1463.28511405,2455.18941283
1454,3,1463.28681087,2455.24493194
1455,3,1463.31144905,2455.25971889
1456,3,1463.31188989,2455.35857105
1457,3,1463.33174396,2455.36617684
1458,3,1463.33327699,2455.45871305
1459,3,1463.58726442,2456.49404693
1460,3,1463.58793199,2456.52626085
1461,3,1463.60299551,2456.53712106
1462,3,1463.60411048,2456.55197597
1463,3,1463.63100648,2456.56830597
1464,3,1463.60228491,2457.66895604
1465,3,1463.63551402,2457.67967796
1466,3,1463.62788391,2457.77853394
1467,3,1463.65202248,2457.78306103
1468,3,1463.64849293,2457.86396003
1469,3,1463.67329395,2457.8731029
1470,3,1463.69298697,2458.96216202
1471,3,1463.69437146,2458.97526097
1472,3,1463.70352387,2459.03161097
1473,3,1463.79842699,2459.11547589
1474,3,1463.79849041,2460.21311784
1475,3,1463.81148398,2460.26598597
1476,3,1463.80596793,2460.26874495
1477,3,1463.80362391,2460.30647302
1478,3,1463.81167293,2460.32157898
1479,3,1463.82933784,2461.39680195
1480,3,1463.85776401,2461.42317104
1481,3,1463.85843301,2461.5008049
1482,3,1463.78019905,2461.54681206
1483,3,1463.860425,2461.57386088
1484,3,1463.82298589,2461.59379292
1485,3,1463.82310987,2461.66754103
1486,3,1463.83822703,2462.79956794
1487,3,1463.842489,2462.82172894
1488,3,1463.76711106,2462.92383099
1489,3,1463.82335591,2462.92324996
1490,3,1463.82323289,2462.98802686
1491,3,1463.82248592,2464.05020094
1492,3,1463.82261086,2464.08388186
1493,3,1463.86201906,2464.146837
1494,3,1463.82273483,2464.20818591
1495,3,1463.86216497,2464.22812891
1496,3,1463.8523519,2465.30299807
1497,3,1463.8384769,2465.31350398
1498,3,1463.82234788,2465.35978484
1499,3,1463.84290385,2465.426548
1500,3,1463.85767007,2465.45581388
1501,3,1463.85204101,2466.59212184
1502,3,1463.77026892,2466.59924388
1503,3,1463.80467892,2466.65496087
1504,3,1463.79224586,2466.66559005
1505,3,1463.80454683,2466.71565485
1506,3,1463.79199505,2466.76915884
1507,3,1463.83923602,2466.83728886
1508,3,1463.80440903,2466.88766789
1509,3,1463.79252601,2466.92823601
1510,3,1463.84277701,2466.96052003
1511,3,1463.8042829,2468.03092694
1512,3,1463.79239297,2468.06269789
1513,3,1463.80415606,2468.08710504
1514,3,1463.84653687,2468.10639906
1515,3,1463.79035902,2468.145401
1516,3,1463.80402684,2469.25764704
1517,3,1463.79021287,2469.26969004
1518,3,1463.77504897,2469.32568789
1519,3,1463.79115796,2469.32679701
1520,3,1463.79064894,2469.38376188
1521,3,1463.83951497,2470.47581196
1522,3,1463.83993602,2470.50722194
1523,3,1463.79002595,2470.54436994
1524,3,1463.84315705,2470.63801599
1525,3,1463.77040696,2470.71949387
1526,3,1463.78987002,2470.74327683
1527,3,1463.79907203,2470.77911305
1528,3,1463.77979207,2470.83713603
1529,3,1463.80858397,2470.93139386
1530,3,1463.81139684,2471.01832891
1531,3,1463.79773903,2472.09780502
1532,3,1463.81152487,2472.14245105
1533,3,1463.77187395,2472.15870404
1534,3,1463.81181598,2472.19415092
1535,3,1463.79418993,2472.20201206
1536,4,2316.59413791,3223.70338893
1537,4,2316.73006988,3223.70317698
1538,4,2316.78257585,3223.81125998
1539,4,2316.88739896,3223.81104684
1540,4,2316.92302489,3223.90502596
1541,4,2321.24895,3225.07584786
1542,4,2321.26191485,3225.10956192
1543,4,2321.28872752,3225.13005185
1544,4,2321.31962848,3225.15473485
1545,4,2321.36581886,3225.18053699
1546,4,2321.41089845,3225.18287587
1547,4,2321.45262992,3225.25874305
1548,4,2321.47346795,3225.27390099
1549,4,2321.48299444,3225.31250787
1550,4,2321.49642992,3225.33745599
1551,4,2321.5102005,3226.36239505
1552,4,2321.52361405,3226.41581392
1553,4,2321.54611242,3226.44066191
1554,4,2321.57461691,3226.44965005
1555,4,2321.60115588,3226.48543096
1556,4,2321.60724795,3227.56470084
1557,4,2317.38565803,3227.60753083
1558,4,2321.62997139,3227.729424
1559,4,2321.63523245,3227.76284099
1560,4,2321.64744937,3228.84882784
1561,4,2321.64627242,3228.91732693
1562,4,2321.67052042,3228.98502207
1563,4,2317.80968785,3228.98668289
1564,4,2317.83108187,3229.0313499
1565,4,2317.83160186,3230.11336184
1566,4,2317.86190391,3230.143924
1567,4,2317.86223197,3230.16955996
1568,4,2317.88910198,3230.18487501
1569,4,2317.88956404,3230.20623684
1570,4,2317.91781807,3230.22600985
1571,4,2317.91754389,3230.24357986
1572,4,2317.97720289,3230.27009606
1573,4,2317.9748199,3230.29757786
1574,4,2318.01530385,3230.33061504
1575,4,2318.02552891,3231.43103504
1576,4,2318.05118704,3231.43215895
1577,4,2318.05507493,3231.53723097
1578,4,2318.07028985,3231.53970003
1579,4,2318.0740149,3232.72732401
1580,4,2318.09542584,3232.74266696
1581,4,2318.09595203,3233.89505696
1582,4,2318.12021089,3233.92303205
1583,4,2318.12312889,3233.93499303
1584,4,2318.14291692,3233.95127106
1585,4,2318.14354491,3233.9580369
1586,4,2318.16525197,3235.00805998
1587,4,2318.16577196,3235.0156889
1588,4,2318.200495,3235.09494901
1589,4,2318.20163798,3235.10180187
1590,4,2318.23166895,3235.18152499
1591,4,2318.23692203,3235.20097089
1592,4,2318.25024891,3236.32853103
1593,4,2318.25550985,3236.34405994
1594,4,2318.27124906,3237.43317103
1595,4,2318.28242302,3237.44989204
1596,4,2318.29466391,3237.47731185
1597,4,2318.31896901,3237.50302887
1598,4,2318.33895493,3237.57276106
1599,4,2318.35830784,3237.63510203
1600,4,2318.30406499,3237.6891439
1601,4,2318.34260798,3237.72169304
1602,4,2318.32338595,3237.74503803
1603,4,2318.37891483,3238.60382986
1604,4,2318.36514306,3238.66581106
1605,4,2318.3865819,3238.7062459
1606,4,2318.4025979,3238.87079096
1607,4,2318.41045189,3238.87466002
1608,4,2318.42659688,3239.96338105
1609,4,2318.42951393,3239.98454785
1610,4,2318.44529486,3240.00788403
1611,4,2318.45220685,3240.04362702
1612,4,2318.46398902,3240.08836484
1613,4,2318.47057891,3241.18357801
1614,4,2318.48927498,3241.19410586
1615,4,2318.49159598,3241.21408892
1616,4,2318.54229593,3241.24170089
1617,4,2318.54304099,3241.26158285
1618,4,2318.56556606,3242.333323
1619,4,2318.56612802,3242.35106897
1620,4,2318.58872199,3242.43189788
1621,4,2318.58813405,3242.44945192
1622,4,2318.60892296,3242.51627898
1623,4,2318.62017703,3243.57106805
1624,4,2318.62793183,3243.57733703
1625,4,2318.63944387,3243.59352303
1626,4,2318.64733696,3243.6012969
1627,4,2318.65886688,3243.62957287
1628,4,2318.66696596,3244.6762569
1629,4,2318.68226886,3244.71971393
1630,4,2318.68704891,3244.72959805
1631,4,2318.70407391,3244.79432988
1632,4,2318.71875191,3244.970716
1633,4,2318.73561692,3245.01598406
1634,4,2318.74444294,3245.07799006
1635,4,2318.75598097,3245.19046593
1636,4,2318.76382995,3245.29065895
1637,4,2318.77472687,3245.3491919
1638,4,2318.79268289,3246.45839691
1639,4,2318.80901194,3246.50956488
1640,4,2318.81240606,3246.54708385
1641,4,2318.82895684,3246.56702685
1642,4,2318.83222485,3246.58483291
1643,4,2318.84937596,3247.64145494
1644,4,2318.851197,3247.64253402
1645,4,2318.87365603,3247.69554591
1646,4,2318.874861,3247.70588803
1647,4,2318.89632702,3247.73915005
1648,4,2318.898875,3247.81303906
1649,4,2318.92258692,3247.83654189
1650,4,2318.92303896,3247.86988187
1651,4,2318.95307803,3247.89816284
1652,4,2318.95356202,3247.92454004
1653,4,2318.97471499,3248.99142599
1654,4,2318.97722793,3249.03621101
1655,4,2318.99902892,3249.07704592
1656,4,2319.00290084,3249.11969495
1657,4,2319.01751995,3249.14182997
1658,4,2319.02211595,3250.18894887
1659,4,2319.04239392,3250.24442601
1660,4,2319.04639506,3250.38173294
1661,4,2319.06175804,3250.48846602
1662,4,2319.06675386,3250.57040596
1663,4,2319.08181095,3251.76959991
1664,4,2319.08661389,3251.82732606
1665,4,2319.10183096,3251.85940886
1666,4,2319.10672498,3251.90967798
1667,4,2319.12316394,3251.94545889
1668,4,2319.12722707,3251.9883039
1669,4,2319.14236593,3251.99215889
1670,4,2319.14648795,3252.02012396
1671,4,2319.16581798,3252.03340793
1672,4,2319.16629386,3252.103163
1673,4,2319.19542384,3253.181952
1674,4,2319.20275688,3253.22185993
1675,4,2319.2190659,3253.31500506
1676,4,2319.22473097,3253.35452604
1677,4,2319.24674797,3253.40697002
1678,4,2319.25211191,3254.49935985
1679,4,2319.26806307,3254.5347209
1680,4,2319.27347493,3254.56935406
1681,4,2319.28698087,3254.56886792
1682,4,2319.29291797,3254.60469794
1683,4,2319.30691195,3255.65179396
1684,4,2319.31555605,3255.65264702
1685,4,2319.32887101,3255.68117285
1686,4,2319.33945084,3255.70200801
1687,4,2319.35512805,3255.75752091
1688,4,2319.36319685,3256.84943891
1689,4,2319.410496,3256.92070198
1690,4,2319.43908787,3256.93059802
1691,4,2319.46281695,3257.07271194
1692,4,2319.47760105,3257.08022594
1693,4,2319.506145,3257.21700287
1694,4,2319.51534295,3257.2164669
1695,4,2319.62290406,3257.25725794
1696,4,2319.63924098,3257.27038884
1697,4,2319.70278192,3257.32787204
1698,4,2319.70341992,3258.35838604
1699,4,2319.73022985,3258.38146186
1700,4,2319.73081803,3258.40608406
1701,4,2319.75886393,3258.42900205
1702,4,2319.75976706,3258.43821001
1703,4,2319.78352594,3259.51262593
1704,4,2319.79827094,3259.54052496
1705,4,2319.81422496,3259.56940389
1706,4,2319.82721901,3259.59929204
1707,4,2319.83567095,3259.60337687
1708,4,2319.84780502,3260.70446992
1709,4,2319.85548401,3260.70592284
1710,4,2319.87731194,3260.76958489
1711,4,2319.87777686,3260.76924396
1712,4,2319.89786601,3260.89236999
1713,4,2319.91347289,3262.16925693
1714,4,2319.95125484,3262.33743787
1715,4,2319.97765899,3262.34044003
1716,4,2319.99975491,3262.41740084
1717,4,2320.01857185,3262.43024397
1718,4,2320.05614805,3262.53197002
1719,4,2320.06433392,3262.53336406
1720,4,2320.07542086,3262.58941102
1721,4,2320.08330393,3262.60194993
1722,4,2320.09506202,3262.68282485
1723,4,2320.10278606,3263.7305119
1724,4,2320.11419201,3263.75237083
1725,4,2320.12829995,3263.79255486
1726,4,2320.14056587,3263.82309985
1727,4,2320.14865088,3263.86040187
1728,4,2320.17757297,3264.97745395
1729,4,2320.17821288,3264.98287201
1730,4,2320.25061584,3265.01733303
1731,4,2320.25781989,3265.018291
1732,4,2320.30983996,3265.08110595
1733,4,2320.32313085,3266.13543701
1734,4,2320.35040498,3266.18271303
1735,4,2320.35112286,3266.21087694
1736,4,2320.41125202,3266.24241996
1737,4,2320.41503,3266.27974486
1738,4,2320.45742393,3266.29471207
1739,4,2320.45794797,3266.31075788
1740,4,2320.48631191,3266.32491589
1741,4,2320.48852205,3266.358248
1742,4,2320.545784,3266.38207698
1743,4,2320.54641485,3267.45368791
1744,4,2320.66212797,3267.48233795
1745,4,2320.66691089,3267.51217103
1746,4,2320.77741194,3267.55647206
1747,4,2320.78517699,3267.56645298
1748,4,2320.87153387,3268.68102098
1749,4,2320.87102199,3268.68067098
1750,4,2320.91009903,3268.75161886
1751,4,2320.92040801,3268.75970984
1752,4,2321.00546598,3268.82620001
1753,4,2321.00610089,3269.91095805
1754,4,2321.10290504,3269.95257807
1755,4,2321.10758305,3270.03227305
1756,4,2321.15286303,3270.09477186
1757,4,2321.16630888,3270.14689589
1758,4,2321.25482893,3271.26221299
1759,4,2321.26961398,3271.29454899
1760,4,2321.39133,3271.33829689
1761,4,2321.39801502,3271.37599897
1762,4,2321.44517183,3271.42181396
1763,4,2321.44991899,3271.43650794
1764,4,2321.49347591,3271.47103786
1765,4,2321.49890304,3271.51436996
1766,4,2321.54212689,3271.56638002
1767,4,2321.54261303,3271.56534791
1768,4,2321.56158495,3272.70204496
1769,4,2321.57010889,3272.746521
1770,4,2321.58145499,3272.81481791
1771,4,2321.593503,3272.88796687
1772,4,2321.61564398,3272.90706897
1773,4,2321.65530992,3273.96813893
1774,4,2321.6990099,3273.986485
1775,4,2321.72354984,3274.01071787
1776,4,2321.73141289,3274.02623987
1777,4,2321.74379492,3274.04892302
1778,4,2321.75096703,3275.16633892
1779,4,2321.77189898,3275.20959091
1780,4,2321.78337502,3275.26475191
1781,4,2321.79147387,3275.28365993
1782,4,2321.80415797,3275.34323287
1783,4,2321.81187892,3276.44171095
1784,4,2321.82403994,3276.48859286
1785,4,2321.83281898,3276.51357603
1786,4,2321.84506607,3276.5263629
1787,4,2321.89977288,3276.548949
1788,4,2321.92868304,3276.55901384
1789,4,2321.94562387,3276.60416794
1790,4,2321.96822786,3276.65029407
1791,4,2321.99026704,3276.69770598
1792,4,2322.01302385,3276.74148107
1793,4,2322.02777505,3277.83199906
1794,4,2322.0398469,3277.84516096
1795,4,2322.05107594,3277.856884
1796,4,2322.07829094,3277.88441586
1797,4,2322.09019399,3277.90085292
1798,4,2322.10359097,3278.96927404
1799,4,2322.11583686,3278.97600889
1800,4,2322.13975692,3279.01138186
1801,4,2322.14775395,3279.02884102
1802,4,2322.16010404,3279.05202293
1803,4,2322.1674099,3280.13795996
1804,4,2322.18174505,3280.16382098
1805,4,2322.18735003,3280.31750107
1806,4,2322.20174384,3280.33983994
1807,4,2322.20680499,3280.46927595
1808,4,2322.22268105,3281.52335501
1809,4,2322.22725606,3281.580724
1810,4,2322.24293184,3281.63958788
1811,4,2322.24734402,3281.66078591
1812,4,2322.26255894,3281.72323394
1813,4,2322.26666689,3281.72350693
1814,4,2322.28481102,3281.81616592
1815,4,2322.29639506,3281.816571
1816,4,2322.30970502,3281.90064883
1817,4,2322.32583499,3281.91035795
1818,4,2322.33896804,3283.02429199
1819,4,2322.34647799,3283.121804
1820,4,2322.35823107,3283.13011885
1821,4,2322.36599898,3283.1656599
1822,4,2322.37875485,3283.16756105
1823,4,2322.38701296,3284.22459602
1824,4,2322.39923692,3284.23312092
1825,4,2322.40682387,3284.25284791
1826,4,2322.42093587,3284.26428485
1827,4,2322.43227196,3284.28152299
1828,4,2322.44413495,3285.34979987
1829,4,2322.45605493,3285.38173985
1830,4,2322.46777105,3285.52528906
1831,4,2322.48673201,3285.53505397
1832,4,2322.50455594,3285.62524796
1833,4,2322.52237296,3285.76385689
1834,4,2322.53719687,3285.84626794
1835,4,2322.54536605,3285.88608599
1836,4,2322.56409192,3285.95540094
1837,4,2322.56574202,3285.99739504
1838,4,2322.59492993,3287.13734984
1839,4,2322.59543085,3287.26569986
1840,4,2322.61904597,3287.35613084
1841,4,2322.61946893,3287.42043495
1842,4,2322.64622498,3287.470186
1843,4,2322.64737797,3287.83644605
1844,4,2322.6806829,3287.91554499
1845,4,2322.69605899,3287.95640898
1846,4,2322.708179,3287.97937894
1847,4,2322.72070885,3288.02825689
1848,4,2322.73883295,3289.08488488
1849,4,2322.75236988,3289.10672498
1850,4,2322.76015496,3289.15221405
1851,4,2322.77235699,3289.18635106
1852,4,2322.793648,3289.20834303
1853,4,2322.80557489,3290.30542088
1854,4,2322.81793785,3290.35893893
1855,4,2322.82525492,3290.41601396
1856,4,2322.83884192,3290.49360204
1857,4,2322.84430385,3290.59896588
1858,4,2322.86715698,3291.79208088
1859,4,2322.90122604,3291.81721497
1860,4,2322.91954899,3291.86221194
1861,4,2322.95309091,3291.87730384
1862,4,2322.97736502,3291.91160202
1863,4,2323.03549695,3291.91340804
1864,4,2323.05084586,3292.00917888
1865,4,2323.12611699,3292.01749396
1866,4,2323.13102102,3292.22486305
1867,4,2323.18327498,3292.50383401
1868,4,2323.19943595,3293.60269403
1869,4,2323.20718884,3293.61960888
1870,4,2323.21920896,3293.64260793
1871,4,2323.23079801,3293.69561386
1872,4,2323.23872685,3293.77725196
1873,4,2323.25036883,3293.81160188
1874,4,2323.25831294,3293.83863306
1875,4,2323.27032399,3293.88934803
1876,4,2323.27776289,3293.91497493
1877,4,2323.34519601,3293.94407606
1878,4,2323.35137486,3295.05984688
1879,4,2323.36811185,3295.06546998
1880,4,2323.374681,3295.12514496
1881,4,2323.39843202,3295.16087484
1882,4,2323.401582,3296.27097607
1883,4,2323.41894484,3296.32979298
1884,4,2323.42180896,3296.35654092
1885,4,2323.43981791,3296.3999939
1886,4,2323.44208193,3296.42560291
1887,4,2323.47407293,3297.48048091
1888,4,2323.47458696,3297.51088691
1889,4,2323.53486085,3297.56187201
1890,4,2323.53543091,3297.60927606
1891,4,2323.60839987,3297.66628504
1892,4,2323.60791206,3298.8242929
1893,4,2323.66068101,3298.86195087
1894,4,2323.6614449,3298.899405
1895,4,2323.68385601,3298.93607783
1896,4,2323.69203591,3299.03561497
1897,4,2323.70345306,3299.11946797
1898,4,2323.71615696,3299.15990496
1899,4,2323.72612691,3300.24232888
1900,4,2323.75529885,3300.26410484
1901,4,2323.75594306,3300.28842402
1902,4,2323.80266905,3301.39475489
1903,4,2323.90836,3301.42824602
1904,4,2323.94660902,3301.47246099
1905,4,2323.88939905,3301.54840684
1906,4,2323.97062707,3301.62716985
1907,4,2323.93840098,3302.69281602
1908,4,2324.05132794,3302.77585983
1909,4,2323.9907279,3302.79303002
1910,4,2324.09299994,3302.83695698
1911,4,2324.1593399,3302.83816886
1912,4,2324.18168497,3303.94991398
1913,4,2324.25481391,3303.9540329
1914,4,2324.28363395,3304.00912189
1915,4,2324.30265999,3304.02298594
1916,4,2324.31946707,3304.08529496
1917,4,2324.36701703,3304.10125494
1918,4,2324.38680506,3304.196208
1919,4,2324.45840883,3304.19542289
1920,4,2324.48653483,3304.33623195
1921,4,2324.58004403,3304.33846402
1922,4,2324.60218096,3305.46783185
1923,4,2324.67469907,3305.46909904
1924,4,2324.67873287,3305.557271
1925,4,2324.73509693,3305.559026
1926,4,2324.73565388,3306.67714095
1927,4,2324.78321099,3306.69607401
1928,4,2324.78642392,3306.72231698
1929,4,2324.82021689,3306.74205494
1930,4,2324.82109094,3306.76831388
1931,4,2324.88165998,3306.78807092
1932,4,2325.00859094,3307.86261797
1933,4,2324.88215184,3307.87610793
1934,4,2325.00931907,3307.9041419
1935,4,2325.06346488,3307.90580201
1936,4,2325.06584001,3309.07475901
1937,4,2325.09118605,3309.07651806
1938,4,2325.09166193,3309.14661384
1939,4,2325.12826896,3309.16115594
1940,4,2325.15794802,3309.21366405
1941,4,2325.16787291,3309.27410007
1942,4,2325.22595692,3309.37117386
1943,4,2325.22648096,3309.43847394
1944,4,2325.3021009,3309.47888899
1945,4,2325.30288792,3309.50728703
1946,4,2325.35243988,3309.53841996
1947,4,2325.37309885,3310.62519693
1948,4,2325.42323184,3310.62617302
1949,4,2325.43151188,3310.67113686
1950,4,2325.44508696,3310.67807603
1951,4,2325.47080898,3311.77912593
1952,4,2325.53894687,3311.78043103
1953,4,2325.53951406,3311.81652284
1954,4,2325.57525897,3311.82664299
1955,4,2325.57561588,3311.86297488
1956,4,2325.60946107,3312.93102789
1957,4,2325.60996985,3312.93202591
1958,4,2325.62920094,3312.96419787
1959,4,2325.65124702,3312.97997904
1960,4,2325.63168693,3312.99551702
1961,4,2325.67441607,3313.01378894
1962,4,2325.65783405,3314.22476602
1963,4,2325.69936705,3314.2611239
1964,4,2325.72435188,3314.28238106
1965,4,2325.72471404,3314.29613185
1966,4,2325.74482799,3314.31033993
1967,4,2325.74857783,3314.32448602
1968,4,2325.78611898,3314.36058187
1969,4,2325.78657293,3314.38473105
1970,4,2325.81156707,3314.39604187
1971,4,2325.81204486,3315.48048806
1972,4,2326.3384614,3315.51123405
1973,4,2326.68658996,3315.53243899
1974,4,2326.3798089,3315.59257698
1975,4,2326.80710447,3315.59591603
1976,4,2326.40232539,3316.7599659
1977,4,2326.41216397,3316.76099491
1978,4,2326.82864439,3316.81719303
1979,4,2326.43203247,3316.81758595
1980,4,2326.84199297,3316.87554383
1981,4,2326.44977498,3317.94622207
1982,4,2326.82620752,3318.04415584
1983,4,2326.46933043,3318.10122991
1984,4,2326.89693093,3318.15171289
1985,4,2326.94385743,3318.15247488
1986,4,2326.87338042,3318.24822497
1987,4,2326.9742769,3319.28301692
1988,4,2326.55150187,3319.30581784
1989,4,2326.62849247,3319.33322906
1990,4,2327.01621687,3319.37597203
1991,4,2327.05576146,3319.39540005
1992,4,2326.6830374,3319.41526604
1993,4,2327.12067354,3319.43185306
1994,4,2327.15356445,3319.46356606
1995,4,2327.18227398,3319.47955585
1996,4,2327.18343997,3320.58491397
1997,4,2327.19503653,3320.61933899
1998,4,2327.18235445,3320.67792702
1999,4,2327.224316,3320.69295597
2000,4,2327.25459397,3320.76448989
2001,4,2327.20691645,3321.83533597
2002,4,2327.24569046,3321.87853789
2003,4,2327.21149147,3321.9104569
2004,4,2327.27412343,3321.93976402
2005,4,2327.28646195,3321.99243498
2006,4,2327.19768596,3323.0769949
2007,4,2327.31629598,3323.1020329
2008,4,2327.30531538,3323.13119793
2009,4,2327.32998848,3323.16413689
2010,4,2327.33592844,3323.16464591
2011,4,2327.34730244,3324.28980994
2012,4,2327.32486248,3324.29900384
2013,4,2327.37031245,3324.35960007
2014,4,2326.81631804,3324.36487198
2015,4,2327.40895998,3324.40680099
2016,4,2327.39948988,3325.46320105
2017,4,2327.41538644,3325.50021005
2018,4,2327.40280044,3325.50190306
2019,4,2327.42829394,3325.58620286
2020,4,2327.42171443,3325.60296202
2021,4,2327.46730804,3325.69488192
2022,4,2327.46487689,3325.70193386
2023,4,2327.51391351,3325.75693703
2024,4,2327.54458547,3325.75740385
2025,4,2327.53705192,3325.79517484
2026,4,2327.56720197,3326.87733388
2027,4,2327.54773402,3326.89292407
2028,4,2327.57238841,3326.92122102
2029,4,2327.5693655,3326.93512893
2030,4,2327.56993484,3326.95129085
2031,4,2327.49696207,3328.05725193
2032,4,2327.58359742,3328.07262802
2033,4,2326.816185,3328.14814687
2034,4,2327.59198153,3328.14789987
2035,4,2327.58775604,3328.24298286
2036,4,2327.56037092,3329.34791803
2037,4,2327.61331296,3329.37867403
2038,4,2327.60873294,3329.47344398
2039,4,2327.64107585,3329.48355699
2040,4,2327.63178301,3329.55364203
2041,4,2327.60886598,3330.622262
2042,4,2327.60841084,3330.65541506
2043,4,2327.55952907,3330.6890769
2044,4,2327.62446904,3330.86938691
2045,4,2327.60858989,3330.90839887
2046,4,2327.61808896,3330.92390704
2047,4,2327.60742307,3330.93722701
