,P_LRMS_QUEUING,P_LRMS_RUNNING,P_LRMS_SUBMITTING,P_PMGR_QUEUING,P_PMGR_SCHEDULING,TTC,U_AGENT_EXECUTING,U_AGENT_QUEUING,U_AGENT_QUEUING_EXEC,U_AGENT_SCHEDULING,U_UMGR_BINDING,U_UMGR_SCHEDULING,experiment,nhost,npilot,npilot_active,nunit,nunit_done,nunit_failed,sid
rp.session.radical.mingtha.017033.0007,448.921200037,1331.9296,40.8440999985,0.00209999084473,0.111500024796,1596.39350009,1295.34829998,0.0180995464325,0.0223002433777,953.178100109,0.00730013847351,0.260299921036,exp1,3,4,4,16,16,0,rp.session.radical.mingtha.017033.0007
rp.session.radical.mingtha.017033.0008,172.400000095,4716.49600005,32.665599823,0.00190019607544,0.115899801254,4904.58279991,4684.34589982,0.0894980430603,0.0920004844666,4281.25379992,0.0374999046326,0.408600091934,exp1,3,4,4,64,64,0,rp.session.radical.mingtha.017033.0008
rp.session.radical.mingtha.017033.0009,235.876600027,2603.07019997,30.7743000984,0.00219988822937,0.104099988937,2796.65349984,2576.72399998,0.0403001308441,0.0445003509521,2212.58010006,0.0104999542236,0.961600065231,exp1,4,4,4,32,32,0,rp.session.radical.mingtha.017033.0009
rp.session.radical.mingtha.017034.0002,231.24119997,5939.83379984,25.5676000118,0.00209999084473,0.114300012589,6110.72230005,5912.59609985,0.123701095581,0.106798410416,5429.88540006,0.0215001106262,0.517499923706,exp1,4,4,4,64,64,0,rp.session.radical.mingtha.017034.0002
rp.session.radical.mingtha.017034.0003,229.373600006,1613.61610007,27.1440999508,0.00219988822937,0.117300033569,1802.51469994,1584.00740004,0.0252006053925,0.0269989967346,1184.09669995,0.00859999656677,0.765799999237,exp1,4,4,4,16,16,0,rp.session.radical.mingtha.017034.0003
rp.session.radical.mingtha.017034.0004,230.010699987,3223.53240013,26.4455001354,0.0019998550415,0.120000123978,3428.55369997,2980.37889981,0.0471999645233,0.0552008152008,2500.01749992,0.0143001079559,0.298899888992,exp1,4,4,4,32,32,0,rp.session.radical.mingtha.017034.0004
rp.session.radical.mingtha.017034.0005,247.587599993,2137.69390011,26.2370998859,0.00209999084473,0.134700059891,2377.89849997,1886.61590004,0.0182003974915,0.325200557709,1283.02469993,0.00799989700317,0.228699922562,exp1,2,4,4,16,16,0,rp.session.radical.mingtha.017034.0005
rp.session.radical.mingtha.017034.0006,257.352399826,3203.50550008,25.5355000496,0.00209999084473,0.121799945831,3419.99370003,3173.30019999,0.0487995147705,0.0464994907379,2568.67689991,0.0153000354767,0.286499977112,exp1,1,4,4,32,32,0,rp.session.radical.mingtha.017034.0006
rp.session.radical.mingtha.017035.0003,269.20080018,1637.41070008,25.5981998444,0.00220012664795,0.102999925613,1874.73390007,1397.92090011,0.0204999446869,0.0252995491028,1019.06929994,0.00939989089966,0.253900051117,exp1,2,4,4,16,16,0,rp.session.radical.mingtha.017035.0003
rp.session.radical.mingtha.017035.0005,245.135099888,5473.15169978,25.7160000801,0.0019998550415,0.102600097656,5680.66949987,5445.20439982,0.100000143051,0.101900100708,5074.46810007,0.0218999385834,0.413599967957,exp1,3,4,4,64,64,0,rp.session.radical.mingtha.017035.0005
rp.session.radical.mingtha.017035.0006,233.915600061,1598.16820002,26.0303997993,0.00220012664795,0.110599994659,1793.54929996,1571.21639991,0.0206997394562,0.0240004062653,1149.50300002,0.0106000900269,0.263299942017,exp1,4,4,4,16,16,0,rp.session.radical.mingtha.017035.0006
rp.session.radical.mingtha.017035.0008,222.655800104,7492.52409983,26.0023999214,0.00200009346008,0.104799985886,7748.53040004,7251.27629995,0.107199907303,0.112099885941,6842.62199998,0.0269000530243,1.17219996452,exp1,1,4,4,64,64,0,rp.session.radical.mingtha.017035.0008
rp.session.radical.mingtha.017035.0010,335.984399796,1032.52910018,28.3656001091,0.00180006027222,0.0992000102997,1345.51230001,785.966099977,0.0110998153687,0.0132999420166,441.616600037,0.00499987602234,0.750600099564,exp1,1,4,4,8,8,0,rp.session.radical.mingtha.017035.0010
rp.session.radical.mingtha.017035.0011,260.732500076,926.283799887,25.9572000504,0.00209999084473,0.114500045776,1217.77580023,897.206599951,0.00819969177246,0.0151002407074,455.388200045,0.00590014457703,0.125299930573,exp1,1,4,4,8,8,0,rp.session.radical.mingtha.017035.0011
rp.session.radical.mingtha.017035.0012,516.153800011,830.287999868,29.8334000111,0.00200009346008,0.121799945831,1378.63119984,801.393399954,0.00889992713928,0.083300113678,448.045900106,0.0048999786377,0.130800008774,exp1,1,4,4,8,8,0,rp.session.radical.mingtha.017035.0012
rp.session.radical.mingtha.017035.0015,269.905200005,1140.79239988,30.113699913,0.00239992141724,0.112800121307,1374.66529989,899.548899889,0.00829982757568,0.0127000808716,548.7651999,0.00539994239807,0.116400003433,exp1,1,4,4,8,8,0,rp.session.radical.mingtha.017035.0015
rp.session.radical.mturilli.017134.0002,383.167900085,4756.03359985,28.8029999733,0.00460004806519,0.0975999832153,4954.98959994,4512.53329992,0.301702022552,0.27780008316,4027.61339998,0.0373001098633,0.565799951553,exp10,6,16,11,128,128,0,rp.session.radical.mturilli.017134.0002
rp.session.radical.mturilli.017134.0004,462.410300016,7717.04080009,29.5483999252,0.00279998779297,0.100600004196,8070.70559978,7442.71790004,0.692098379135,0.754601240158,6943.01239991,0.0784001350403,0.804800033569,exp10,4,16,14,256,256,0,rp.session.radical.mturilli.017134.0004
rp.session.radical.mturilli.017134.0005,363.931600094,4540.58780003,28.8564999104,0.00300002098083,0.11109995842,4823.80439997,4296.68459988,0.256097793579,0.268200159073,3597.18620014,0.0352001190186,0.560600042343,exp10,6,16,15,128,128,0,rp.session.radical.mturilli.017134.0005
rp.session.radical.mturilli.017134.0006,281.3598001,2378.56649995,29.195499897,0.00309991836548,0.0972001552582,2633.0999999,2134.93280005,0.110700130463,0.110799789429,1677.04100013,0.0167000293732,0.35890007019,exp10,5,16,14,64,64,0,rp.session.radical.mturilli.017134.0006
rp.session.radical.mturilli.017134.0007,508.040300131,12223.3202999,28.366699934,0.00300002098083,0.0978000164032,12509.7960999,11973.7958,3.40810322762,1.90189790726,11551.0592999,0.117000102997,1.19269990921,exp10,6,16,15,513,511,2,rp.session.radical.mturilli.017134.0007
rp.session.radical.mturilli.017135.0000,383.237400055,8969.21989989,29.5561001301,0.00279998779297,0.0995998382568,9285.7592001,8714.03399992,0.742498874664,0.634699344635,8255.94990015,0.0566999912262,0.89359998703,exp10,6,16,13,260,256,4,rp.session.radical.mturilli.017135.0000
rp.session.radical.mturilli.017135.0001,526.261800051,1931.66850019,29.5873000622,0.00229978561401,0.0968000888824,2770.12919998,1685.10439992,0.056300163269,0.0612995624542,1203.57739997,0.00869989395142,0.208699941635,exp10,5,16,11,32,32,0,rp.session.radical.mturilli.017135.0001
rp.session.radical.mturilli.017135.0002,306.679200172,3359.34049988,28.8885998726,0.0025999546051,0.0970001220703,3531.3901,2082.01979995,0.0463004112244,0.0745985507965,1161.10579991,0.0390000343323,0.30379986763,exp10,6,16,13,34,30,4,rp.session.radical.mturilli.017135.0002
rp.session.radical.mturilli.017135.0003,292.125499964,4080.8987,30.0599999428,0.00279998779297,0.10019993782,4296.66269994,3839.0553,0.205500125885,0.249099493027,3112.27690005,0.0336000919342,0.580099821091,exp10,7,16,16,130,128,2,rp.session.radical.mturilli.017135.0003
rp.session.radical.mturilli.017135.0004,364.858800173,2087.45979977,29.6101999283,0.00419998168945,0.0999999046326,2316.06760001,1848.05800009,0.039400100708,0.0583999156952,835.091300011,0.00779986381531,0.213700056076,exp10,3,16,15,32,32,0,rp.session.radical.mturilli.017135.0004
rp.session.radical.mturilli.017135.0005,249.312299967,3873.11559987,29.1723999977,0.00390005111694,0.102499961853,4061.6973002,3632.54349995,0.219899177551,0.236099243164,3117.03110003,0.0344998836517,0.546900033951,exp10,4,16,15,128,128,0,rp.session.radical.mturilli.017135.0005
rp.session.radical.mturilli.017135.0006,647.927599907,3217.56060004,29.3880999088,0.00349998474121,0.0970001220703,3369.47790003,2982.03239989,0.0899996757507,0.0922992229462,1975.97020006,0.0172998905182,0.751399993896,exp10,6,16,12,64,64,0,rp.session.radical.mturilli.017135.0006
rp.session.radical.mturilli.017135.0007,266.545700073,13163.3552999,30.1645998955,0.00309991836548,0.100100040436,13348.598,10556.2311001,0.424898147583,0.444900751114,9691.69000006,0.0562000274658,0.736199855804,exp10,5,16,13,256,256,0,rp.session.radical.mturilli.017135.0007
rp.session.radical.mturilli.017135.0008,506.079799891,22464.7723,29.2966001034,0.00709986686707,0.0975000858307,22684.7212,22178.151,0.480100154877,17.6608009338,21636.6104002,0.194800138474,1.94519996643,exp10,3,16,13,530,512,18,rp.session.radical.mturilli.017135.0008
rp.session.radical.mturilli.017135.0009,473.711800098,4048.11899996,30.5950000286,0.00390005111694,0.0982999801636,4056.63750005,2882.44749999,0.0157999992371,0.0258004665375,1471.93659997,0.00830006599426,0.400099754333,exp10,5,16,16,18,14,4,rp.session.radical.mturilli.017135.0009
rp.session.radical.mturilli.017135.0010,737.552200079,3037.77480006,29.1470999718,0.00660014152527,0.0975999832153,3599.52270007,2802.62090015,0.109400272369,0.228999614716,1443.08539987,0.0209000110626,0.591900110245,exp10,5,16,15,64,64,0,rp.session.radical.mturilli.017135.0010
rp.session.radical.mturilli.017136.0000,644.503000021,13343.4691999,30.0406999588,0.00419998168945,0.0969998836517,13891.4391,13093.7604001,1.7776017189,1.31819725037,12328.5704,0.118399858475,1.0150001049,exp10,2,16,15,512,512,0,rp.session.radical.mturilli.017136.0000
rp.session.radical.mturilli.017136.0001,446.040299892,1062.84859991,29.415899992,0.0038001537323,0.0973000526428,1378.6888001,826.122200012,0.0262002944946,0.03560090065,429.358200073,0.00450015068054,0.197499990463,exp10,5,16,14,16,16,0,rp.session.radical.mturilli.017136.0001
rp.session.radical.mturilli.017136.0002,596.720400095,2396.04420018,28.451499939,0.00370001792908,0.0968999862671,2499.19829988,1786.92689991,0.0382997989655,0.0579998493195,1082.98020005,0.00909996032715,0.225300073624,exp10,8,16,12,32,26,6,rp.session.radical.mturilli.017136.0002
rp.session.radical.mturilli.017136.0003,437.046200037,3136.63980007,28.8052000999,0.00390005111694,0.105999946594,3537.9218998,2881.15630007,0.136800289154,0.158099412918,2253.53139997,0.0192000865936,0.380599975586,exp10,4,16,14,64,64,0,rp.session.radical.mturilli.017136.0003
rp.session.radical.mturilli.017136.0004,564.859999895,7096.23239994,28.7258999348,0.00399994850159,0.105000019073,7619.58220005,6851.42079997,0.890798568726,0.636701822281,6329.56949997,0.0690999031067,0.690999984741,exp10,3,16,15,256,256,0,rp.session.radical.mturilli.017136.0004
rp.session.radical.mturilli.017051.0002,192.332600117,979.655299902,29.3171000481,0.0019998550415,0.121000051498,1682.40240002,669.085700035,0.00849986076355,0.0103995800018,463.171399832,0.00409984588623,0.161800146103,exp2,2,4,3,8,8,0,rp.session.radical.mturilli.017051.0002
rp.session.radical.mturilli.017051.0003,193.467099905,2584.6269002,29.236700058,0.00189995765686,0.111800193787,2761.21009994,2291.95169997,0.043600320816,0.0483000278473,2078.03549981,0.0139000415802,0.277099847794,exp2,2,4,3,32,32,0,rp.session.radical.mturilli.017051.0003
rp.session.radical.mturilli.017051.0004,220.33739996,3945.03929996,29.3368000984,0.00180006027222,0.108199834824,4158.7025001,3914.42030001,0.0436000823975,0.0491003990173,3137.62100005,0.0160999298096,0.24530005455,exp2,3,4,4,32,32,0,rp.session.radical.mturilli.017051.0004
rp.session.radical.mturilli.017051.0005,184.598100185,1272.59060001,29.0432999134,0.00220012664795,0.110599994659,1479.81410003,1241.42140007,0.00980019569397,0.0246000289917,640.823000193,0.00409984588623,0.127700090408,exp2,2,4,4,8,8,0,rp.session.radical.mturilli.017051.0005
rp.session.radical.mturilli.017051.0006,274.400500059,7577.05279994,30.757600069,0.00209999084473,0.120800018311,7817.27189994,7551.97119999,0.1538002491,0.113000869751,7203.6263001,0.033499956131,0.463500022888,exp2,2,4,3,64,64,0,rp.session.radical.mturilli.017051.0006
rp.session.radical.mturilli.017051.0007,260.966399908,2501.57719994,29.9350001812,0.00229978561401,0.105700016022,2649.92369986,2201.90009999,0.0204999446869,0.0231003761292,1075.76970005,0.00839996337891,0.257600069046,exp2,2,4,4,16,16,0,rp.session.radical.mturilli.017051.0007
rp.session.radical.mturilli.017051.0008,284.193000078,9461.56930017,29.5638999939,0.00209999084473,0.129400014877,9686.19309998,9093.43190002,1.87540102005,0.283801794052,8390.22140002,0.0299999713898,0.380100011826,exp2,2,4,3,64,64,0,rp.session.radical.mturilli.017051.0008
rp.session.radical.mturilli.017052.0003,229.146499872,3724.86400008,31.4321000576,0.00200009346008,0.124599933624,3993.36859989,3695.69309926,0.0369997024536,0.0172004699707,3218.00920033,0.00329995155334,0.145200014114,exp2,2,4,1,8,8,0,rp.session.radical.mturilli.017052.0003
rp.session.radical.mturilli.017052.0005,188.376399994,2574.65689993,34.0996000767,0.00179982185364,0.127799987793,2810.67680001,2543.65409994,0.0251002311707,0.0339999198914,2205.3209002,0.00830006599426,0.243499994278,exp2,3,4,2,16,16,0,rp.session.radical.mturilli.017052.0005
rp.session.radical.mturilli.017052.0006,295.66170001,2850.57440019,29.4115998745,0.00189995765686,0.105499982834,3092.33930016,2602.6875999,0.0514008998871,0.0629997253418,2261.75099993,0.0136001110077,0.275899887085,exp2,2,4,4,32,32,0,rp.session.radical.mturilli.017052.0006
rp.session.radical.mturilli.017052.0007,177.765700102,1299.02019978,38.8266999722,0.00230002403259,0.122799873352,1522.62190008,1265.42619991,0.00959992408752,0.0114002227783,1001.86669993,0.00409984588623,0.110100030899,exp2,2,4,2,8,8,0,rp.session.radical.mturilli.017052.0007
rp.session.radical.mturilli.017052.0008,197.891000032,4620.59830022,29.6904001236,0.0019998550415,0.121400117874,4790.16639996,4326.33170009,0.0771005153656,0.080099105835,4076.27999997,0.0277998447418,0.422200202942,exp2,4,4,4,64,64,0,rp.session.radical.mturilli.017052.0008
rp.session.radical.mturilli.017053.0000,294.439399958,3308.3059001,30.5758001804,0.00219988822937,0.106499910355,3633.57499981,3282.91839981,0.0206000804901,0.0227997303009,2574.11470008,0.108599901199,0.239799976349,exp2,1,4,4,16,16,0,rp.session.radical.mturilli.017053.0000
rp.session.radical.mturilli.017053.0001,203.201400042,4003.29500008,30.8147001266,0.00209999084473,0.123899936676,4189.10210013,3758.31080008,0.0398004055023,0.0499002933502,3185.66159987,0.0146999359131,0.282599925995,exp2,2,4,4,32,32,0,rp.session.radical.mturilli.017053.0001
rp.session.radical.mturilli.017053.0002,206.445199966,4205.92459989,29.9997999668,0.00230002403259,0.12030005455,4446.78310013,3964.49359989,0.030100107193,0.0393996238708,3437.21169996,0.00760006904602,0.214699983597,exp2,1,4,2,16,16,0,rp.session.radical.mturilli.017053.0002
rp.session.radical.mturilli.017076.0002,221.923300028,9450.25079989,29.8264000416,0.00119996070862,0.094300031662,9658.10109997,9196.98070002,0.133300304413,0.115300416946,8583.36699986,0.0167000293732,0.79590010643,exp3,2,4,4,64,64,0,rp.session.radical.mturilli.017076.0002
rp.session.radical.mturilli.017076.0003,335.583800077,7278.83710003,29.0762999058,0.00130009651184,0.0946998596191,7543.45210004,7246.98559999,0.248599052429,0.189998865128,6621.00769997,0.0146999359131,0.634900093079,exp3,3,4,4,64,64,0,rp.session.radical.mturilli.017076.0003
rp.session.radical.mturilli.017076.0004,1573.94880009,2003.42379999,29.458799839,0.0012001991272,0.0984997749329,3643.73360014,1976.0625,0.0170001983643,0.0189995765686,1772.92389989,0.00399994850159,0.609300136566,exp3,2,4,2,16,16,0,rp.session.radical.mturilli.017076.0004
rp.session.radical.mturilli.017076.0005,1643.44950008,3801.27990007,29.0829999447,0.00130009651184,0.0953998565674,5436.57190013,3559.76379991,0.0619003772736,0.0591998100281,3206.87969995,0.010400056839,0.222300052643,exp3,1,4,4,32,32,0,rp.session.radical.mturilli.017076.0005
rp.session.radical.mturilli.017077.0003,403.85469985,5309.05290008,29.068500042,0.00119996070862,0.0966999530792,5781.61420012,5282.80959988,0.022700548172,0.0259001255035,4837.00309992,0.00549983978271,0.206300020218,exp3,2,4,1,16,16,0,rp.session.radical.mturilli.017077.0003
rp.session.radical.mturilli.017077.0004,139.392699957,7896.92329979,29.1101999283,0.00130009651184,0.111700057983,8063.93869996,7575.3743,0.107301235199,1.2466006279,7148.23020005,0.0153999328613,0.394999980927,exp3,2,4,3,64,64,0,rp.session.radical.mturilli.017077.0004
rp.session.radical.mturilli.017077.0005,231.783900023,3959.30599999,29.8957998753,0.00139999389648,0.0973000526428,4168.78740001,3930.30949998,0.0663001537323,0.0662000179291,3626.3137002,0.0125000476837,0.213600158691,exp3,3,4,3,32,32,0,rp.session.radical.mturilli.017077.0005
rp.session.radical.mturilli.017077.0006,317.756400108,4770.5302,29.7811000347,0.00119996070862,0.094899892807,5084.00479984,4740.87259984,0.0454003810883,0.0436000823975,4453.17219996,0.00709986686707,0.229200124741,exp3,3,4,2,32,32,0,rp.session.radical.mturilli.017077.0006
rp.session.radical.mturilli.017077.0007,177.312199831,3104.70200014,28.9450001717,0.00119996070862,0.0947999954224,3332.99390006,3080.96389985,0.0127999782562,0.0107002258301,2649.28990006,0.00279998779297,0.0998001098633,exp3,2,4,1,8,8,0,rp.session.radical.mturilli.017077.0007
rp.session.radical.mturilli.017077.0010,249.902100086,1016.35909986,33.3336999416,0.00139999389648,0.0945999622345,1246.11450005,976.672699928,0.00970005989075,0.0120003223419,544.241499901,0.00300002098083,0.0995998382568,exp3,2,4,4,8,8,0,rp.session.radical.mturilli.017077.0010
rp.session.radical.mturilli.017077.0011,305.308400154,2030.63489985,33.5122997761,0.00170016288757,0.0987000465393,2253.5237999,1769.46179986,0.0228002071381,0.0270001888275,1441.12890005,0.00440001487732,0.216900110245,exp3,4,4,3,16,16,0,rp.session.radical.mturilli.017077.0011
rp.session.radical.mturilli.017077.0012,232.872499943,1974.1875999,33.9862999916,0.00110006332397,0.0971999168396,2209.0059998,1724.92750001,0.0194997787476,0.0238001346588,1353.55169988,0.00709986686707,0.204200029373,exp3,2,4,4,16,16,0,rp.session.radical.mturilli.017077.0012
rp.session.radical.mturilli.017078.0000,231.959300041,1067.55000019,33.5975000858,0.00119996070862,0.0947000980377,1349.43149996,1040.0783,0.0121998786926,0.0135998725891,680.530099869,0.00240015983582,0.526499986649,exp3,2,4,3,8,8,0,rp.session.radical.mturilli.017078.0000
rp.session.radical.mturilli.017078.0001,163.524800062,697.532099962,33.4283998013,0.00160002708435,0.097400188446,920.312800169,665.675400019,0.00729990005493,0.0116999149323,356.203000069,0.00309991836548,0.101900100708,exp3,2,4,4,8,8,0,rp.session.radical.mturilli.017078.0001
rp.session.radical.mturilli.017078.0002,273.554699898,3158.51379991,34.0095000267,0.00110006332397,0.117399930954,3362.71560001,2917.52480006,0.0393004417419,0.0397992134094,2558.16890001,0.0183000564575,0.232899904251,exp3,3,4,3,32,32,0,rp.session.radical.mturilli.017078.0002
rp.session.radical.mturilli.017078.0003,298.04489994,3024.08299994,33.2258000374,0.00139999389648,0.0977001190186,3260.44210005,2772.32319999,0.0378997325897,0.0413002967834,2465.39569998,0.00869989395142,0.214900016785,exp3,3,4,4,32,32,0,rp.session.radical.mturilli.017078.0003
rp.session.radical.mturilli.017078.0010,221.70780015,1744.45020008,34.8984999657,0.0019998550415,0.0986001491547,1962.21420002,1459.49699998,0.0106000900269,0.0141003131866,759.771699905,0.00419998168945,0.105800151825,exp3,3,4,4,8,8,0,rp.session.radical.mturilli.017078.0010
rp.session.radical.mturilli.017078.0011,226.163599968,1029.8578999,33.5480999947,0.00209999084473,0.0990998744965,1348.63730001,1000.43250012,0.00860023498535,0.0127997398376,532.624699831,0.00520014762878,0.105799913406,exp3,2,4,4,8,8,0,rp.session.radical.mturilli.017078.0011
rp.session.radical.mturilli.017078.0013,352.743900061,1948.85119987,29.0829999447,0.00189995765686,0.0980999469757,2313.59780002,1700.82999992,0.00460004806519,0.00489974021912,1312.84740019,0.00510001182556,0.10640001297,exp3,3,4,2,8,8,0,rp.session.radical.mturilli.017078.0013
rp.session.radical.mturilli.017078.0014,190.239599943,1231.07260013,29.9804000854,0.00200009346008,0.0979998111725,1600.6652,1135.07509995,0.00670003890991,0.00869965553284,809.704200029,0.00559997558594,0.106499910355,exp3,1,4,4,8,8,0,rp.session.radical.mturilli.017078.0014
rp.session.radical.mturilli.017078.0015,196.340800047,9123.29170012,29.5583000183,0.0019998550415,0.0978999137878,9390.0466001,9093.35940003,0.0513010025024,0.0489010810852,8626.38830018,0.0305998325348,0.372900009155,exp3,3,4,2,64,64,0,rp.session.radical.mturilli.017078.0015
rp.session.radical.mturilli.017079.0002,262.34190011,2607.80660009,30.6936998367,0.00260019302368,0.101199865341,2864.94880009,2578.37160015,0.0822994709015,0.0862009525299,2214.91589999,0.0283999443054,0.697000026703,exp4,3,8,8,64,64,0,rp.session.radical.mturilli.017079.0002
rp.session.radical.mturilli.017083.0001,198.017300129,3166.54780006,34.5076999664,0.00289988517761,0.0956001281738,3173.65119982,2550.65489984,0.0522997379303,0.0666007995605,2249.35870004,0.0140001773834,0.711499929428,exp4,2,8,7,32,32,0,rp.session.radical.mturilli.017083.0001
rp.session.radical.mturilli.017083.0002,304.386000156,2091.46259999,30.7184998989,0.00300002098083,0.098799943924,2099.22270012,1682.58399987,0.014000415802,0.0185997486115,1009.9619,0.00539994239807,0.206199884415,exp4,2,8,7,16,16,0,rp.session.radical.mturilli.017083.0002
rp.session.radical.mturilli.017083.0003,207.084800005,8516.29519987,31.4814999104,0.00240015983582,0.0954999923706,8580.30069995,8273.24549985,0.202701091766,0.276499509811,7855.9914999,0.0597999095917,1.10080003738,exp4,2,8,6,128,128,0,rp.session.radical.mturilli.017083.0003
rp.session.radical.mturilli.017083.0004,288.487699986,7290.28480005,30.9070999622,0.00289988517761,0.0959000587463,7300.86129999,7046.25080013,0.223699092865,0.19309926033,6612.97279978,0.0445001125336,0.593899965286,exp4,3,8,7,128,128,0,rp.session.radical.mturilli.017083.0004
rp.session.radical.mturilli.017083.0005,223.71329999,5236.85570002,30.5597999096,0.0025999546051,0.0989999771118,5929.54029989,5211.35610008,0.0678000450134,0.73779964447,4754.24469995,0.0202000141144,0.796099901199,exp4,2,8,5,64,64,0,rp.session.radical.mturilli.017083.0005
rp.session.radical.mturilli.017083.0006,194.137500048,15389.3801,30.8515999317,0.00240015983582,0.0954999923706,15602.8502998,15366.5739999,0.206800460815,0.199100255966,14898.6288998,0.0389997959137,0.958700180054,exp4,3,8,4,128,128,0,rp.session.radical.mturilli.017083.0006
rp.session.radical.mturilli.017084.0000,257.322299957,2380.29999995,31.7431998253,0.00250005722046,0.0986001491547,2387.95580006,1462.48619986,0.00850033760071,0.0157999992371,762.919399977,0.0032000541687,0.10640001297,exp4,2,8,6,8,8,0,rp.session.radical.mturilli.017084.0000
rp.session.radical.mturilli.017084.0001,290.556699991,1718.96749997,30.459400177,0.00339984893799,0.0965001583099,1956.14549994,1476.61739993,0.0211999416351,0.0397996902466,1023.16390014,0.00889992713928,0.203700065613,exp4,2,8,6,16,16,0,rp.session.radical.mturilli.017084.0001
rp.session.radical.mturilli.017084.0002,208.311399937,2253.18179989,31.0849001408,0.00300002098083,0.0992000102997,2502.98469996,2224.54399991,0.0239000320435,0.0308001041412,1418.22990012,0.00769996643066,0.20760011673,exp4,3,8,5,16,16,0,rp.session.radical.mturilli.017084.0002
rp.session.radical.mturilli.017085.0002,352.631599903,3110.82920003,31.0264000893,0.00279998779297,0.0952999591827,3352.57430005,2859.96999979,0.0155000686646,0.0167007446289,1527.60909986,0.00349998474121,0.103699922562,exp4,4,8,4,8,8,0,rp.session.radical.mturilli.017085.0002
rp.session.radical.mturilli.017085.0003,289.311500072,2393.52689981,30.8053998947,0.00219988822937,0.0960001945496,2401.2277,2155.61669993,0.0499994754791,0.0578005313873,1713.57260013,0.0127000808716,0.340699911118,exp4,4,8,6,32,32,0,rp.session.radical.mturilli.017085.0003
rp.session.radical.mturilli.017086.0002,220.736299992,4064.96780014,32.6911001205,0.00249981880188,0.0982999801636,4137.42820001,3825.25929999,0.0878002643585,0.0984992980957,3204.15190005,0.0218000411987,1.03590011597,exp4,4,8,7,64,64,0,rp.session.radical.mturilli.017086.0002
rp.session.radical.mturilli.017086.0004,203.361400127,6490.92500019,30.8611998558,0.00250005722046,0.0987000465393,6498.66269994,3314.5796001,0.0497004985809,0.0683999061584,2912.74670005,0.0123000144958,0.327700138092,exp4,3,8,5,32,32,0,rp.session.radical.mturilli.017086.0004
rp.session.radical.mturilli.017086.0005,260.06009984,1577.77780008,30.8515000343,0.00349998474121,0.0968999862671,1818.36800003,1330.8829,0.00830006599426,0.0135998725891,654.207999945,0.00480008125305,0.103300094604,exp4,3,8,7,8,8,0,rp.session.radical.mturilli.017086.0005
rp.session.radical.mturilli.017087.0002,265.658800125,1037.68790007,34.9416000843,0.00209999084473,0.0951998233795,1273.07080007,792.674499989,0.00820016860962,0.0119001865387,406.027500153,0.00419998168945,0.103600025177,exp4,4,8,8,8,8,0,rp.session.radical.mturilli.017087.0002
rp.session.radical.mturilli.017087.0003,202.466200113,1745.89530015,34.4902999401,0.00160002708435,0.0964000225067,1940.01880002,1501.44920015,0.0428998470306,0.147799491882,1058.32280016,0.0131001472473,0.334800004959,exp4,3,8,8,32,32,0,rp.session.radical.mturilli.017087.0003
rp.session.radical.mturilli.017087.0004,174.69020009,2391.62269998,34.9301998615,0.00310015678406,0.0992000102997,2580.98239994,2144.54900002,0.0855994224548,0.0913004875183,1843.78519988,0.0285000801086,0.670499801636,exp4,1,8,8,64,64,0,rp.session.radical.mturilli.017087.0004
rp.session.radical.mturilli.017087.0005,201.216899872,4397.99720001,34.8597002029,0.00229978561401,0.0966000556946,4595.98609996,4141.27979994,0.209900140762,0.199201345444,3843.75589991,0.0313000679016,1.12269997597,exp4,1,8,8,128,128,0,rp.session.radical.mturilli.017087.0005
rp.session.radical.mturilli.017087.0006,266.361500025,1412.92289996,34.5968999863,0.00150012969971,0.0972998142242,1596.5316,1165.24000001,0.0195000171661,0.0339994430542,671.413199902,0.00559997558594,0.223099946976,exp4,3,8,8,16,16,0,rp.session.radical.mturilli.017087.0006
rp.session.radical.mturilli.017087.0009,396.884900093,2379.44190001,39.7913999557,0.00670003890991,0.196499824524,3186.76950002,2042.99819994,0.0948996543884,0.128999233246,1552.83539987,0.0182001590729,0.609999895096,exp5,5,32,23,64,64,0,rp.session.radical.mturilli.017087.0009
rp.session.radical.mturilli.017087.0010,451.390599966,7063.3448,37.7379000187,0.00819993019104,0.189399957657,7125.47460008,6823.21769977,0.398801326752,0.437201499939,6095.43760014,0.059700012207,0.954100131989,exp5,3,32,19,256,256,0,rp.session.radical.mturilli.017087.0010
rp.session.radical.mturilli.017087.0012,230.599900007,1766.66149998,37.323800087,0.00480008125305,0.214399814606,2839.34659982,1461.1407001,0.0398993492126,0.0514996051788,1020.70370007,0.0161001682281,0.214799880981,exp5,3,32,9,32,32,0,rp.session.radical.mturilli.017087.0012
rp.session.radical.mturilli.017087.0013,231.438300133,4439.95600009,37.0474998951,0.00469994544983,0.195100069046,5301.0776999,4167.55629992,0.531100988388,0.396700620651,3637.41700006,0.0681998729706,0.918200016022,exp5,7,32,24,256,252,4,rp.session.radical.mturilli.017087.0013
rp.session.radical.mturilli.017088.0000,253.339100122,887.076499939,37.8266000748,0.00469994544983,0.230599880219,1993.06789994,588.075500011,0.0117001533508,0.0193998813629,322.813800097,0.00449991226196,0.204999923706,exp5,10,32,23,16,16,0,rp.session.radical.mturilli.017088.0000
rp.session.radical.mturilli.017088.0001,264.348999977,12736.2546999,36.986399889,0.0038001537323,0.189799785614,12967.7895,11904.6316001,0.773497581482,0.808197975159,10100.7374001,0.106800079346,1.47989988327,exp5,5,32,25,512,510,2,rp.session.radical.mturilli.017088.0001
rp.session.radical.mturilli.017088.0003,283.168900013,7773.58340001,37.0909998417,0.0058000087738,0.223800182343,7781.31699991,7522.34549999,0.792702674866,0.789900302887,6741.00400019,0.131500005722,1.10710000992,exp5,8,32,29,512,512,0,rp.session.radical.mturilli.017088.0003
rp.session.radical.mturilli.017088.0004,344.440199852,3835.98240018,36.9836001396,0.00799989700317,0.209300041199,4126.47460008,3578.88390017,0.181600570679,0.39559841156,2394.12019992,0.0425000190735,0.791599988937,exp5,9,32,24,128,128,0,rp.session.radical.mturilli.017088.0004
rp.session.radical.mturilli.017088.0005,252.284399986,6182.75510001,37.4512000084,0.00500011444092,0.326799869537,6190.49690008,5933.83599997,0.170101642609,0.188500165939,4540.61600018,0.0364000797272,0.490499973297,exp5,4,32,27,128,128,0,rp.session.radical.mturilli.017088.0005
rp.session.radical.mturilli.017088.0006,258.131799936,1355.86160016,40.3247001171,0.00600004196167,0.197499990463,1525.87739992,1112.3053,0.0613992214203,0.0927999019623,646.33739996,0.0160999298096,0.392500162125,exp5,5,32,27,64,64,0,rp.session.radical.mturilli.017088.0006
rp.session.radical.mturilli.017088.0007,310.076699972,7720.89329982,37.529900074,0.00419998168945,0.209399938583,7938.86219978,7461.71350002,1.19699788094,1.88799786568,6915.17510009,0.127300024033,2.49480009079,exp5,6,32,29,512,512,0,rp.session.radical.mturilli.017088.0007
rp.session.radical.mturilli.017088.0008,286.06340003,4172.77770019,37.5841999054,0.010400056839,0.212399959564,4369.25300002,3922.97609997,0.19809961319,0.408498764038,1749.63109994,0.0555000305176,0.48929977417,exp5,5,32,19,128,128,0,rp.session.radical.mturilli.017088.0008
rp.session.radical.mturilli.017089.0000,259.702399969,3587.52310014,38.4479000568,0.00990009307861,0.199599981308,4373.25929999,490.477900028,0.0044002532959,0.00760006904602,255.244599819,0.0409002304077,0.12869977951,exp5,5,32,28,8,8,0,rp.session.radical.mturilli.017089.0000
rp.session.radical.mturilli.017089.0002,329.77030015,3276.42499995,41.543599844,0.00660014152527,0.194599866867,3487.43419981,1144.48270011,0.0120997428894,0.0189003944397,590.78489995,0.00759983062744,0.20290017128,exp5,6,32,29,16,16,0,rp.session.radical.mturilli.017089.0002
rp.session.radical.mturilli.017089.0003,417.04489994,4552.34189987,42.758300066,0.00729990005493,0.193599939346,4604.0171001,4302.72920012,0.413102865219,0.446301937103,3517.96580005,0.0897998809814,0.678200006485,exp5,5,32,30,256,256,0,rp.session.radical.mturilli.017089.0003
rp.session.radical.mturilli.017089.0006,269.950299978,8386.64310002,41.4559998512,0.00710010528564,0.202800035477,8560.60319996,8142.52349997,0.748202085495,0.820699453354,7351.5860002,0.125600099564,1.51259994507,exp5,4,32,26,512,510,2,rp.session.radical.mturilli.017089.0006
rp.session.radical.mturilli.017090.0000,343.246700048,1316.21660018,42.4047000408,0.0081000328064,0.204900026321,1586.625,982.012700081,0.0141999721527,0.0249001979828,540.935500145,0.00979995727539,0.232200145721,exp5,8,32,26,16,16,0,rp.session.radical.mturilli.017090.0000
rp.session.radical.mturilli.017090.0001,287.062599897,2121.57690001,41.9767999649,0.00859999656677,0.230400085449,2404.19950008,1633.38520002,0.07870054245,0.110200405121,1033.27890015,0.0297999382019,0.455500125885,exp5,5,32,27,64,64,0,rp.session.radical.mturilli.017090.0001
rp.session.radical.mturilli.017090.0002,249.029999971,1606.53570008,42.7440001965,0.00759983062744,0.195500135422,1751.68340015,1220.03349996,0.0308001041412,0.0524008274078,674.281500101,0.0153000354767,0.76859998703,exp5,4,32,26,32,32,0,rp.session.radical.mturilli.017090.0002
rp.session.radical.mturilli.017090.0003,290.9302001,1744.17680001,42.0103998184,0.00710010528564,0.206500053406,1946.1328001,1430.55719995,0.030699968338,0.0472006797791,733.488800049,0.0164999961853,0.327700138092,exp5,7,32,25,32,32,0,rp.session.radical.mturilli.017090.0003
rp.session.radical.mturilli.017090.0004,280.432299852,1096.60689998,42.0104000568,0.00720000267029,0.220400094986,1714.33870006,839.101899862,0.0074999332428,0.0127997398376,454.319499969,0.00570011138916,0.102999925613,exp5,6,32,27,8,8,0,rp.session.radical.mturilli.017090.0004
rp.session.radical.mturilli.017090.0006,210.586199999,4448.85319996,48.6607999802,0.00639986991882,0.196799993515,16364.5840001,4199.12849998,0.406400203705,0.410699605942,3516.8428998,0.0877001285553,0.706799983978,exp5,5,32,27,256,256,0,rp.session.radical.mturilli.017090.0006
rp.session.radical.mturilli.017091.0000,327.575900078,1911.33240008,48.0332999229,0.0102000236511,0.19939994812,2116.34789991,1656.75220013,0.0100996494293,0.0123000144958,722.25880003,0.00440001487732,0.564900159836,exp5,7,32,25,8,8,0,rp.session.radical.mturilli.017091.0000
rp.session.radical.mturilli.017091.0001,301.903599977,1842.51110005,48.44810009,0.00699996948242,0.226300001144,1970.27149987,1520.80790019,0.0392994880676,0.0651993751526,794.408900023,0.0156002044678,0.237399816513,exp5,7,32,27,32,32,0,rp.session.radical.mturilli.017091.0001
rp.session.radical.mturilli.017091.0002,269.049600124,1318.94919991,48.856400013,0.00530004501343,0.198599815369,1983.72460008,1066.66079974,0.00580024719238,0.00950002670288,581.621799946,0.00289988517761,0.545099973679,exp5,8,32,28,8,8,0,rp.session.radical.mturilli.017091.0002
rp.session.radical.mturilli.017091.0003,354.346699953,2040.25440001,47.9619998932,0.00740003585815,0.198199987411,2189.64229989,1791.7729001,0.0657992362976,0.101999521255,1031.00469995,0.0265998840332,0.419000148773,exp5,7,32,29,64,64,0,rp.session.radical.mturilli.017091.0003
rp.session.radical.mturilli.017091.0004,356.091400146,3820.33979988,48.5235998631,0.00920009613037,0.198800086975,13477.8456001,3567.36249995,8.4930999279,0.457901477814,2898.2184999,0.0545001029968,0.591699838638,exp5,7,32,18,128,128,0,rp.session.radical.mturilli.017091.0004
rp.session.radical.mturilli.017092.0001,318.491299868,687.531599998,47.6921000481,0.00800013542175,0.195299863815,942.792899847,431.09679985,0.0103008747101,0.0178003311157,228.58039999,0.00590014457703,0.19939994812,exp5,5,32,22,16,16,0,rp.session.radical.mturilli.017092.0001
rp.session.radical.mturilli.017092.0002,345.560800076,5956.85259986,78.1187999249,0.0240001678467,0.324999809265,9613.89180017,4721.7112999,1.60710072517,2.02760410309,4045.33879995,0.235599994659,1.78859996796,exp6,11,128,112,1024,1018,6,rp.session.radical.mturilli.017092.0002
rp.session.radical.mturilli.017092.0004,1099.00760007,5059.02939987,67.6236999035,0.0243999958038,0.352200031281,5325.46479988,3456.73380017,1.0772998333,0.473800182343,2481.72319984,0.0750000476837,0.703799962997,exp6,9,128,61,256,255,1,rp.session.radical.mturilli.017092.0004
rp.session.radical.mturilli.017092.0005,402.669099808,4035.83119988,65.3294000626,0.0266001224518,0.328899860382,15227.2442999,2116.44000006,0.29599905014,0.72830080986,1188.46680021,0.0794999599457,0.675500154495,exp6,14,128,90,256,253,3,rp.session.radical.mturilli.017092.0005
rp.session.radical.mturilli.017093.0000,300.697599888,4149.27839994,67.6737999916,0.095400094986,0.353600025177,4323.70179987,3890.04519987,0.61269903183,0.810099363327,2978.12639999,0.113300085068,0.980999946594,exp6,6,128,75,512,512,0,rp.session.radical.mturilli.017093.0000
rp.session.radical.mturilli.017093.0002,695.219099998,4261.60680008,67.2678000927,0.0158998966217,0.317100048065,4428.9525001,2533.54809999,0.652800321579,1.92160129547,1654.22009993,0.110800027847,0.905299901962,exp6,8,128,126,512,511,1,rp.session.radical.mturilli.017093.0002
rp.session.radical.mturilli.017094.0000,487.453600168,2205.73220015,65.9111998081,0.0140001773834,0.392199993134,2545.45050001,1947.83280015,0.12689948082,0.297499418259,1190.50610018,0.0527000427246,1.02119994164,exp6,11,128,101,128,128,0,rp.session.radical.mturilli.017094.0000
rp.session.radical.mturilli.017095.0001,292.507300138,6706.68340015,72.9914000034,0.0139999389648,0.314300060272,18623.9948001,6437.29809999,6.98329854012,1.78359770775,5769.57850003,0.256999969482,1.73609995842,exp6,7,128,83,1024,1024,0,rp.session.radical.mturilli.017095.0001
rp.session.radical.mturilli.017095.0003,512.551499844,5659.80150008,59.4033000469,0.0271999835968,0.318900108337,5799.44719982,3580.89890003,0.109200000763,0.211001634598,2210.28480005,0.0473999977112,0.506400108337,exp6,12,128,111,128,128,0,rp.session.radical.mturilli.017095.0003
rp.session.radical.mturilli.017095.0007,411.417099953,13410.5754001,61.6857001781,0.0507998466492,0.317700147629,13575.2283001,11640.9033,4.17299842834,4.17440247536,10819.0852001,0.465700149536,2.55480003357,exp6,10,128,73,2048,2044,4,rp.session.radical.mturilli.017095.0007
rp.session.radical.mturilli.017096.0004,487.76789999,4356.67970014,59.5323998928,0.0224001407623,0.325599908829,4558.52900004,4064.18650007,0.800803661346,2.35710024834,3085.14520001,0.129299879074,0.959599971771,exp6,14,128,102,512,512,0,rp.session.radical.mturilli.017096.0004
rp.session.radical.mturilli.017096.0005,355.108700037,2870.10539985,58.5170998573,0.016900062561,0.316699981689,3331.8750999,2606.56089997,0.137599468231,0.241900920868,1493.24060011,0.0536000728607,0.484899997711,exp6,11,128,65,128,128,0,rp.session.radical.mturilli.017096.0005
rp.session.radical.mturilli.017096.0006,333.172399998,15138.0681999,60.9187998772,0.0385999679565,0.311800003052,15145.5332,14879.3148999,6.99540328979,16.705501318,13975.9012995,0.472300052643,2.76690006256,exp6,11,128,100,2048,2022,26,rp.session.radical.mturilli.017096.0006
rp.session.radical.mturilli.017096.0007,1156.05099988,4636.55599999,70.5147001743,0.0134999752045,0.331500053406,7612.47619987,1867.51139998,2.40419960022,0.397197723389,1201.61879992,0.0731999874115,0.723299980164,exp6,11,128,71,256,249,7,rp.session.radical.mturilli.017096.0007
rp.session.radical.mturilli.017097.0001,671.001899958,4806.97280002,59.7532999516,0.0232000350952,0.392400026321,4968.78439999,4548.43739986,0.786597967148,1.84520435333,3205.18239999,0.132400035858,0.982500076294,exp6,8,128,97,512,510,2,rp.session.radical.mturilli.017097.0001
rp.session.radical.mturilli.017097.0002,247.560000181,7408.28180003,61.7562999725,0.016900062561,0.310199975967,13674.6264999,7126.77599978,1.56949806213,3.62890219688,6658.29239988,0.239499807358,1.49839997292,exp6,11,128,86,1024,1022,2,rp.session.radical.mturilli.017097.0002
rp.session.radical.mturilli.017098.0001,438.580299854,14826.141,61.5529999733,0.040500164032,0.314199924469,25511.6335001,13241.2750001,9.54480218887,145.323701382,10984.9672,0.485300064087,8.25460004807,exp6,8,128,101,2048,2013,35,rp.session.radical.mturilli.017098.0001
rp.session.radical.mturilli.017099.0000,524.417900085,6886.20810008,63.6487998962,0.0162999629974,0.328799962997,13463.4393001,6594.07079983,5.40229654312,5.35769844055,5353.72020006,0.204699993134,2.06870007515,exp6,10,128,101,1024,1024,0,rp.session.radical.mturilli.017099.0000
rp.session.radical.mturilli.017099.0001,1083.51800013,3212.18540001,64.2669000626,0.0246999263763,0.335299968719,15448.5842001,2882.78209996,0.432500839233,0.485800266266,1701.73869991,0.0931000709534,1.10809993744,exp6,10,128,68,256,256,0,rp.session.radical.mturilli.017099.0001
rp.session.radical.mturilli.017100.0000,1487.17470002,12308.7186,66.462100029,0.0574998855591,0.325700044632,21532.8093002,10920.3508999,3.53309559822,39.0366017818,9963.38479996,0.504300117493,2.5773999691,exp6,7,128,105,2048,1969,79,rp.session.radical.mturilli.017100.0000
rp.session.radical.mturilli.017101.0000,1781.93110013,2105.625,57.6294000149,0.0269999504089,0.318799972534,2714.25099993,1748.16079998,0.133600473404,0.327498197556,903.328700066,0.0797998905182,0.488500118256,exp6,12,128,113,128,128,0,rp.session.radical.mturilli.017101.0000
rp.session.radical.mturilli.017101.0001,1347.72650003,4706.30099988,160.868799925,0.0564000606537,0.696699857712,15696.9695001,2642.17999983,1.84560227394,2.61379981041,1526.09049988,0.224799871445,1.41850018501,exp7,15,512,176,1024,286,738,rp.session.radical.mturilli.017101.0001
rp.session.radical.mturilli.017108.0000,1079.70099998,4750.90950012,204.147400141,0.0638999938965,0.591899871826,5078.47270012,2574.85809994,0.556401729584,0.861898422241,1472.65799999,0.152799844742,1.53310012817,exp7,14,512,231,512,483,29,rp.session.radical.mturilli.017108.0000
rp.session.radical.mturilli.017108.0001,620.147799969,5999.94099998,174.52670002,0.0857999324799,0.614099979401,6338.6947,2578.97919989,0.31060051918,0.44269990921,1373.16429996,0.150000095367,1.41829991341,exp7,11,512,407,512,357,155,rp.session.radical.mturilli.017108.0001
rp.session.radical.mturilli.017109.0000,1074.66240001,3921.11020017,164.841099977,0.074599981308,0.6156001091,15770.2958,2513.32969999,1.25310015678,2.45710086823,1201.27810001,0.262199878693,1.85700011253,exp7,18,512,330,1024,266,758,rp.session.radical.mturilli.017109.0000
rp.session.radical.mturilli.017117.0000,1010.30589986,8485.68379998,161.644799948,0.0518000125885,0.822000026703,27101.7431998,5617.82509995,1.36989665031,10.9681966305,3383.72510004,0.214299917221,1.95490002632,exp7,22,512,334,1024,1003,21,rp.session.radical.mturilli.017117.0000
rp.session.radical.mturilli.017118.0000,1182.96070004,6602.10540009,181.552999973,0.0806999206543,0.727200031281,15395.8451002,2668.89660001,0.940398216248,0.730999946594,1511.75419998,0.120600223541,1.00159978867,exp7,15,512,444,512,217,295,rp.session.radical.mturilli.017118.0000
rp.session.radical.mturilli.017119.0002,2928.4848001,8154.99070001,173.710500002,0.0885999202728,0.802700042725,17731.4234998,5393.47320008,3.39889740944,9.12340068817,4030.87609982,0.650200128555,3.77019953728,exp7,23,512,320,2061,781,1280,rp.session.radical.mturilli.017119.0002
rp.session.radical.mturilli.017119.0004,800.380700111,5312.58829999,157.221899986,0.0764999389648,0.916699886322,17191.9325001,4876.67490005,1.61460161209,2.16680049896,4696.03040004,0.500999927521,5.56539988518,exp7,20,512,285,2083,431,1652,rp.session.radical.mturilli.017119.0004
rp.session.radical.mturilli.017120.0000,3309.51189995,10687.6647,167.665899992,0.0705001354218,0.663699865341,12747.0286,10283.1341,2.67130303383,3.3726978302,5412.99550009,0.252499818802,1.5491001606,exp7,15,512,308,1024,208,816,rp.session.radical.mturilli.017120.0000
rp.session.radical.mturilli.017120.0001,1177.11039996,6382.64020014,158.598800182,0.100299835205,0.745200157166,18196.2268999,5996.0467,3.98590302467,3.97150468826,5638.61290002,0.578399896622,3.57840013504,exp7,15,512,259,2052,780,1272,rp.session.radical.mturilli.017120.0001
rp.session.radical.mturilli.017120.0002,1120.52139997,7124.83019996,163.153599977,0.0750999450684,0.81650018692,18188.2404001,6007.93480015,0.534000635147,1.49550008774,3950.60019994,0.153599739075,2.32230043411,exp7,16,512,213,533,416,117,rp.session.radical.mturilli.017120.0002
rp.session.radical.mturilli.017121.0000,3021.91479993,7526.5303998,159.914299965,0.100700139999,1.08219981194,17074.5999,4898.30900002,6.1731979847,6.37600517273,4194.38909984,0.648000240326,12.4694993496,exp7,18,512,279,2137,429,1708,rp.session.radical.mturilli.017121.0000
rp.session.radical.mturilli.017121.0001,3972.74580002,10291.4420002,96.5080001354,0.0580999851227,0.493399858475,19808.6733999,7573.12610006,3.36980128288,3.75960636139,6670.67539978,0.698899745941,10.188000679,exp8,11,256,146,2150,1190,960,rp.session.radical.mturilli.017121.0001
rp.session.radical.mturilli.017122.0000,942.194499969,9260.80189991,119.787299871,0.032900094986,0.426899909973,20277.7540002,7861.89890003,2.90010404587,4.41509914398,5722.23280001,0.300899505615,2.81110024452,exp8,16,256,219,1045,250,795,rp.session.radical.mturilli.017122.0000
rp.session.radical.mturilli.017122.0001,483.838999987,3619.91330004,97.2053000927,0.0371000766754,0.478099822998,3629.64839983,3278.48980021,0.258799314499,0.459101676941,2162.1006,0.0735001564026,0.708999872208,exp8,14,256,101,256,256,0,rp.session.radical.mturilli.017122.0001
rp.session.radical.mturilli.017122.0002,2768.55690002,3474.99800014,93.3538000584,0.0393998622894,0.502200126648,3490.69500017,2136.59249997,0.808900356293,1.04809975624,1092.53989983,0.0854003429413,1.20789980888,exp8,15,256,218,257,151,106,rp.session.radical.mturilli.017122.0002
rp.session.radical.mturilli.017123.0000,469.696500063,6613.46409988,92.6631999016,0.0659000873566,56.3273999691,16902.2889998,4624.7656002,0.691898345947,0.988399505615,3137.2882998,0.176200151443,387.578599691,exp8,11,256,131,526,508,18,rp.session.radical.mturilli.017123.0000
rp.session.radical.mturilli.017124.0001,398.795400143,6065.80500007,95.6656999588,0.0264000892639,0.429199934006,6225.80879998,5840.2197001,0.763704061508,1.06320023537,3687.32729983,0.124200105667,0.999799966812,exp8,14,256,199,512,512,0,rp.session.radical.mturilli.017124.0001
rp.session.radical.mturilli.017124.0002,456.130800009,9123.5553,90.0824000835,0.0377998352051,0.895800113678,9132.6790998,7012.33459997,2.45919680595,7.86849737167,5021.36550021,0.232500076294,2.16829991341,exp8,10,256,244,1032,485,547,rp.session.radical.mturilli.017124.0002
rp.session.radical.mturilli.017124.0003,552.47329998,14364.9933002,90.1143000126,0.0281000137329,0.434200048447,24132.1882,8363.65769982,0.757598876953,5.43080115318,5661.148,0.140399694443,2.47850060463,exp8,14,256,153,534,512,22,rp.session.radical.mturilli.017124.0003
rp.session.radical.mturilli.017125.0000,531.207900047,8980.6494,93.7408998013,0.0505001544952,0.482699871063,18579.4053998,6296.84080005,5.61639308929,4.78090000153,5571.22980022,0.456099510193,4.60020017624,exp8,17,256,190,2074,2047,27,rp.session.radical.mturilli.017125.0000
rp.session.radical.mturilli.017126.0000,1525.00810003,22571.0244999,90.8682999611,0.0278000831604,0.672699928284,27086.2142999,3797.5314002,0.259999513626,0.414000988007,2103.8434,0.0717000961304,1.40269970894,exp8,14,256,220,259,254,5,rp.session.radical.mturilli.017126.0000
rp.session.radical.mturilli.017126.0003,536.656000137,7467.75580001,90.0087997913,0.0321002006531,0.429199934006,7608.8527,5248.03929996,0.566200733185,9.7963988781,3848.50660014,0.133500814438,2.07519936562,exp8,15,256,180,533,511,22,rp.session.radical.mturilli.017126.0003
rp.session.radical.mturilli.017126.0004,510.557100058,11874.3400002,93.0697000027,0.0263998508453,0.502900123596,12008.1747999,9196.11099982,2.59230208397,1.75759959221,4543.45060015,0.222299814224,2.00610041618,exp8,15,256,244,1031,1024,7,rp.session.radical.mturilli.017126.0004
rp.session.radical.mturilli.017126.0005,865.666399956,11901.9233,92.2553999424,0.0618999004364,0.441400051117,21260.8697999,9102.83150005,8.2664937973,19.16710186,5865.96110034,0.615999937057,5.15870022774,exp8,16,256,226,2098,2048,50,rp.session.radical.mturilli.017126.0005
rp.session.radical.mturilli.017127.0000,720.136399984,8006.34369993,93.2620000839,0.0320000648499,0.492399930954,18565.0242999,5787.73629999,2.26740074158,21.398099184,4471.95879984,0.318599462509,4.17460107803,exp8,15,256,226,1074,1023,51,rp.session.radical.mturilli.017127.0000
rp.session.radical.mturilli.017127.0001,767.173799992,12294.0853,91.7820000648,0.0603001117706,0.863199949265,18913.3492,4455.65719986,3.81629705429,4.96080064774,2562.26199985,0.606699943542,2.99889993668,exp8,13,256,203,2053,127,1926,rp.session.radical.mturilli.017127.0001
rp.session.radical.mturilli.017128.0000,732.5625,1479910307.29,91.5112998486,0.0475001335144,0.426899909973,1479910311.14,6946.41709995,0.361398935318,0.58809876442,4222.23020005,0.0529999732971,0.802399873734,exp8,14,256,210,258,256,2,rp.session.radical.mturilli.017128.0000
rp.session.radical.mturilli.017128.0001,957.022199869,2432.11929989,42.6723001003,0.0188000202179,0.220799922943,3395.71019983,1536.53509998,0.0781998634338,0.131000041962,920.385400057,0.0297999382019,0.351999998093,exp9,9,64,54,64,64,0,rp.session.radical.mturilli.017128.0001
rp.session.radical.mturilli.017130.0000,2898.85010004,9227.74339986,42.5801999569,0.00939989089966,0.655600070953,9448.03390002,8959.81739998,4.90610527992,1.77330136299,7938.06949997,0.288199901581,1.83549976349,exp9,10,64,56,1030,1024,6,rp.session.radical.mturilli.017130.0000
rp.session.radical.mturilli.017130.0001,749.555399895,5014.69849992,41.9369001389,0.0128998756409,0.214200019836,5023.62140012,4763.30649996,2.64120149612,2.08369851112,3451.20669985,0.0615000724792,0.665199995041,exp9,6,64,52,256,256,0,rp.session.radical.mturilli.017130.0001
rp.session.radical.mturilli.017130.0002,1031.21810007,5147.22670007,40.9713997841,0.00859999656677,0.218000173569,5156.55729985,4898.0322001,0.433398962021,0.518899440765,3335.45500016,0.0638000965118,0.775899887085,exp9,10,64,52,256,256,0,rp.session.radical.mturilli.017130.0002
rp.session.radical.mturilli.017130.0003,513.414900064,5261.18569994,41.1470000744,0.00889992713928,0.203999996185,5270.70160007,5009.03350019,0.756600379944,2.03940153122,3991.01450014,0.143299818039,1.03630018234,exp9,10,64,55,512,512,0,rp.session.radical.mturilli.017130.0003
rp.session.radical.mturilli.017130.0004,312.740700006,7000.56399989,41.6461000443,0.00990009307861,0.205299854279,7009.81739998,6535.30010009,0.890901088715,0.90060043335,4535.63930011,0.115900039673,2.07030010223,exp9,9,64,59,512,512,0,rp.session.radical.mturilli.017130.0004
rp.session.radical.mturilli.017131.0000,551.284100056,4891.40919995,42.0332999229,0.0183000564575,0.219899892807,4900.8039999,4638.33829999,9.25479888916,3.37850165367,3874.54820013,0.106699943542,1.38999986649,exp9,8,64,56,512,512,0,rp.session.radical.mturilli.017131.0000
rp.session.radical.mturilli.017131.0001,402.195800066,38993.1723001,41.6958999634,0.0100998878479,0.214100122452,39116.7172999,35989.8774998,15.6693911552,30.1997959614,35931.7605999,0.537600278854,5.81469941139,exp9,9,64,46,2111,2047,64,rp.session.radical.mturilli.017131.0001
rp.session.radical.mturilli.017131.0002,561.03030014,9004.87859988,43.1865999699,0.0146999359131,0.211699962616,9013.92369986,8733.63479996,3.23180198669,3.49850511551,7854.62409997,0.313199996948,4.28569984436,exp9,12,64,58,1030,1024,6,rp.session.radical.mturilli.017131.0002
rp.session.radical.mturilli.017131.0003,883.454200029,8516.17680001,43.2070000172,0.00950002670288,0.199100017548,8799.95920014,5848.16820002,0.136899709702,0.226499557495,3175.96969986,0.0332000255585,0.579900026321,exp9,10,64,60,128,128,0,rp.session.radical.mturilli.017131.0003
rp.session.radical.mturilli.017131.0004,736.041900158,6349.96440005,42.315199852,0.0126001834869,0.214599847794,6793.57310009,6092.87099981,0.179400205612,0.268200159073,3119.86789989,0.0290999412537,0.484499931335,exp9,7,64,55,128,128,0,rp.session.radical.mturilli.017131.0004
rp.session.radical.mturilli.017131.0005,63879.8724999,38518.5086,41.6958999634,0.0100998878479,0.214100122452,94050.8625,86431.017,15.3972992897,64.4824950695,85912.6691997,0.528100252151,5.39529943466,exp9,9,64,60,2104,2101,116,rp.session.radical.mturilli.017131.0005
rp.session.radical.mturilli.017132.0000,479.035499811,8000.78569984,42.1370000839,0.0106999874115,0.219099998474,8010.18079996,7756.68889999,5.82830071449,0.599902153015,4271.17010021,0.0697002410889,1.01559972763,exp9,12,64,58,262,256,6,rp.session.radical.mturilli.017132.0000
rp.session.radical.mturilli.017132.0001,716.758499861,1651.01780009,41.7681000233,0.0140001773834,0.199599981308,13428.865,971.452300072,0.0557005405426,0.101299762726,716.563500166,0.0184998512268,0.341300010681,exp9,10,64,56,64,39,25,rp.session.radical.mturilli.017132.0001
rp.session.radical.mturilli.017132.0002,899.610800028,6167.68490005,41.6292998791,0.0155000686646,0.200899839401,6388.63439989,5908.37809992,0.439899682999,0.537001609802,3254.96029997,0.0710000991821,0.714200019836,exp9,8,64,60,256,256,0,rp.session.radical.mturilli.017132.0002
rp.session.radical.mturilli.017132.0003,661.217200041,32464.8249998,41.9527997971,0.0137000083923,0.241500139236,32473.8364999,7113.14980006,0.262302160263,13.8739981651,4532.51539993,0.144700050354,1.11299991608,exp9,9,64,59,514,510,4,rp.session.radical.mturilli.017132.0003
rp.session.radical.mturilli.017133.0000,482.263899803,13920.3895001,41.9031000137,0.00740003585815,0.671100139618,13928.9310999,13670.122,78.0588033199,5.31399869919,12310.5908,0.249799728394,2.48990011215,exp9,10,64,60,1044,1024,20,rp.session.radical.mturilli.017133.0000
rp.session.radical.mturilli.017133.0001,417.425800085,17663.1494,41.1118998528,0.0143001079559,0.232399940491,17867.1073999,17396.6878002,19.1473069191,11.4827988148,16555.2918,0.629200696945,3.94070005417,exp9,7,64,55,2080,2048,32,rp.session.radical.mturilli.017133.0001
rp.session.radical.mturilli.017133.0002,351.388800144,2454.13549995,42.0934000015,0.00989985466003,0.23290014267,6122.19379997,2203.0927,0.486999750137,0.325900554657,1471.32859993,0.0328001976013,0.534899950027,exp9,6,64,35,128,128,0,rp.session.radical.mturilli.017133.0002
rp.session.radical.mturilli.017133.0003,614.91689992,17023.4022,41.581400156,0.00879979133606,0.639500141144,17031.7816999,16752.5425999,3.84660935402,8.33110141754,14678.4545,0.491300344467,3.50090026855,exp9,11,64,59,2068,2048,20,rp.session.radical.mturilli.017133.0003
rp.session.radical.mturilli.017133.0004,684.251999855,2554.26959991,41.5268001556,0.0841999053955,0.214200019836,2636.74589992,2236.97140002,0.191100120544,0.28680062294,1539.89160013,0.0277998447418,0.486299991608,exp9,9,64,60,128,128,0,rp.session.radical.mturilli.017133.0004
rp.session.radical.mturilli.017133.0005,525.279300213,9535.66089988,41.7447998524,0.00699996948242,0.625900030136,9897.46810007,9275.36410022,1.69760632515,1.61059975624,7377.45420003,0.258800029755,1.44169998169,exp9,9,64,63,1024,1024,0,rp.session.radical.mturilli.017133.0005
rp.session.radical.mturilli.017134.0001,483.767699957,2708.52030015,40.9972999096,0.00789999961853,0.21280002594,2718.49650002,2040.36919999,0.0646004676819,0.0980999469757,893.158600092,0.0171000957489,0.342700004578,exp9,10,64,58,64,64,0,rp.session.radical.mturilli.017134.0001
rp.session.radical.mturilli.017136.0006,698.698699951,1114.7822001,29.1296000481,0.00379991531372,0.104099988937,1802.03859997,829.084199905,0.0207998752594,0.0276002883911,435.406300068,0.00499987602234,0.213400125504,exp10,3,16,16,16,16,0,rp.session.radical.mturilli.017136.0006
rp.session.radical.mturilli.017136.0007,241.288500071,1835.55870008,30.0542998314,0.00230002403259,0.104400157928,1989.16650009,1596.32510018,0.0171000957489,0.0307006835938,819.498100042,0.00530004501343,0.21549987793,exp10,9,16,14,16,16,0,rp.session.radical.mturilli.017136.0007
rp.session.radical.mturilli.017136.0008,3253.09840012,8292.83910012,296.438699961,0.204300165176,1.01440000534,19463.8731,7479.25,14.3756942749,18.2475032806,7300.58910012,0.578699588776,11.8426003456,exp11,18,1024,753,2108,2008,100,rp.session.radical.mturilli.017136.0008
rp.session.radical.mturilli.017137.0000,3332.59570003,7690.98169994,291.143200159,0.127799987793,0.943499803543,17934.9209001,5452.64770007,1.9793009758,3.01200032234,4777.32540011,0.275099992752,3.73870015144,exp11,17,1024,480,1056,887,169,rp.session.radical.mturilli.017137.0000
rp.session.radical.mturilli.017137.0001,732.195199966,9198.00750017,295.840299845,0.166000127792,0.956899881363,21229.7798998,8877.87390018,4.28150296211,6.90879464149,7784.51110029,0.679999351501,10.7527980804,exp11,12,1024,156,2196,2015,181,rp.session.radical.mturilli.017137.0001
rp.session.radical.mturilli.017138.0000,807.294599771,7800.31279993,294.58039999,0.15900015831,0.920799970627,7959.83360004,5834.93379998,6.62599420547,5.6001958847,5517.4612999,0.446700334549,5.68009996414,exp11,18,1024,287,2083,2018,65,rp.session.radical.mturilli.017138.0000
rp.session.radical.mturilli.017138.0001,1004.8591001,6409.8506999,291.028599977,0.147599935532,0.94000005722,6591.52920008,4911.40509987,2.01329684258,2.11459898949,3845.33750033,0.242800474167,2.32229971886,exp11,17,1024,229,1038,1018,20,rp.session.radical.mturilli.017138.0001
rp.session.radical.mturilli.017138.0004,443.445499897,8607.17569995,308.137599945,0.165100097656,0.896199941635,8621.1782999,8300.75950003,3.79329872131,4.26780152321,7430.14350009,0.436199903488,2.77509999275,exp11,19,1024,244,2050,2047,3,rp.session.radical.mturilli.017138.0004
rp.session.radical.mturilli.017138.0006,3733.3829,5686.25320005,302.732700109,0.103099822998,1.70900011063,6564.42229986,4934.87050009,1.45969629288,2.47840356827,3425.49090004,0.196400165558,1.64470005035,exp11,17,1024,693,1024,1024,0,rp.session.radical.mturilli.017138.0006
rp.session.radical.mturilli.017139.0003,1768.41199994,1480873532.44,295.551400185,0.136799812317,0.971899986267,1480874035.22,6732.19650006,1.50180220604,59.7460041046,5758.04029989,0.274699926376,5.15559983253,exp11,20,1024,570,1046,1024,22,rp.session.radical.mturilli.017139.0003
rp.session.radical.mturilli.017141.0000,1733.14730048,31612.2111001,577.245399952,0.245800018311,3.82360005379,32027.5609,12976.0121999,2.13770151138,27.7724034786,7707.59130001,0.698599815369,11.316100359,exp12,12,2048,183,2122,1346,776,rp.session.radical.mturilli.017141.0000
rp.session.radical.mturilli.017141.0001,1226.22329783,37587.1057,582.391799927,0.296799898148,4.23470020294,37599.9396999,14662.9418001,72.0932986736,159.509597778,11278.6295998,0.596800327301,17.4264996052,exp12,17,2048,497,2101,2040,61,rp.session.radical.mturilli.017141.0001
rp.session.radical.mturilli.017141.0002,1178.95219994,12566.4528999,583.088000059,0.278100013733,4.26239991188,12866.2572,10608.6399002,46.4288973808,65.7962007523,5895.24790001,0.473999500275,14.3523001671,exp12,17,2048,392,2076,2048,28,rp.session.radical.mturilli.017141.0002
rp.session.radical.mturilli.017142.0000,2598.02349973,33296.9277999,580.417099953,0.278900146484,1.79999995232,33308.1324,11525.8943002,14.9467017651,29.0859949589,8230.38490009,0.511100769043,8.61299920082,exp12,18,2048,473,2105,2046,59,rp.session.radical.mturilli.017142.0000
rp.session.radical.mturilli.017142.0001,700.76789999,89303.0153,34.7104001045,0.00469994544983,0.682199954987,89312.5728998,89058.1285,6.53929805756,9.8310046196,88433.8614998,0.540300369263,6.37269949913,exp13,4,32,25,2080,2048,32,rp.session.radical.mturilli.017142.0001
rp.session.radical.mturilli.017143.0000,381.429800034,44321.6344001,34.4709000587,0.0114998817444,0.655900001526,44329.2610002,36241.1889997,4.65930080414,5.72970581055,34602.1710999,0.249500274658,2.77049970627,exp13,7,32,26,1038,1024,14,rp.session.radical.mturilli.017143.0000
rp.session.radical.mturilli.017143.0001,996.055900097,41033.9621999,33.638299942,0.00440001487732,0.234600067139,41192.2972,40781.3778,3.00070762634,28.4138090611,40292.8912001,0.661899328232,6.80940055847,exp13,4,32,28,2080,2048,32,rp.session.radical.mturilli.017143.0001
rp.session.radical.mturilli.017144.0000,286.611299992,52926.4535,34.016600132,0.00939989089966,0.215000152588,53081.4831002,52671.4155002,2.22100663185,18.1568953991,51930.6591003,0.667300462723,10.6097993851,exp13,3,32,31,2094,2048,46,rp.session.radical.mturilli.017144.0000
rp.session.radical.mturilli.017144.0001,384.056900024,68123.5456002,33.6983001232,0.00519990921021,0.284100055695,68397.9867001,67870.618,1.57030510902,18.7803025246,67386.2269001,0.254399299622,7.36159992218,exp13,3,32,19,1056,1024,32,rp.session.radical.mturilli.017144.0001
rp.session.radical.mturilli.017145.0000,448.048199892,44101.145,34.7344999313,0.00500011444092,0.68549990654,44110.7438002,43842.7988,1.20119953156,25.371001482,43462.7399001,0.278100013733,4.81150102615,exp13,5,32,24,1064,1022,42,rp.session.radical.mturilli.017145.0000
rp.session.radical.mturilli.017147.0000,692.001099825,21791.97,36.2353000641,0.00690007209778,0.223799943924,22020.4796,19536.8529,4.08569908142,14.2358052731,18781.8339002,0.251499652863,4.9576997757,exp13,5,32,28,1048,1023,25,rp.session.radical.mturilli.017147.0000
rp.session.radical.mturilli.017170.0001,301.027899981,1894.19190001,26.995000124,0.00239992141724,0.0984001159668,2187.34549999,1682.61310005,0.025399684906,0.0317995548248,1127.04760003,0.00510001182556,0.200299978256,exp14,5,8,5,16,16,0,rp.session.radical.mturilli.017170.0001
rp.session.radical.mturilli.017170.0002,518.273900032,19023.5886002,26.6236999035,0.00230002403259,0.0994999408722,19243.8431001,18785.0409,0.300499916077,8.5975997448,18271.5240998,0.0590999126434,1.68530011177,exp14,2,8,7,264,256,8,rp.session.radical.mturilli.017170.0002
rp.session.radical.mturilli.017170.0003,240.838600159,4727.32860017,28.3934998512,0.00170016288757,0.0989999771118,4898.1638999,4491.98079991,0.089200258255,0.0983009338379,4126.80000019,0.0164999961853,0.364599943161,exp14,5,8,5,64,64,0,rp.session.radical.mturilli.017170.0003
rp.session.radical.mturilli.017170.0004,287.772900105,2741.72049999,27.3824000359,0.00230002403259,0.163699865341,2966.97409987,2158.00440001,0.0585997104645,0.0458002090454,1552.6638999,0.020299911499,0.361200094223,exp14,5,8,6,32,32,0,rp.session.radical.mturilli.017170.0004
rp.session.radical.mturilli.017171.0000,250.172399998,6600.22420001,33.8847000599,0.00189995765686,0.101500034332,6799.41659999,4217.98799992,0.37030005455,0.121900081635,3519.26549983,0.0167000293732,0.350399971008,exp14,3,8,7,64,64,0,rp.session.radical.mturilli.017171.0000
rp.session.radical.mturilli.017171.0001,576.495500088,3923.5855,27.9263000488,0.0032000541687,0.10019993782,4105.92579985,2036.07660007,0.0512001514435,0.0601999759674,1560.16120005,0.0134000778198,0.326099872589,exp14,5,8,8,34,30,4,rp.session.radical.mturilli.017171.0001
rp.session.radical.mturilli.017171.0002,240.228700161,70241.9266,27.3487000465,0.00149989128113,0.100100040436,70500.8127999,70204.8983009,0.370799779892,19.8601009846,68769.6771994,0.074800491333,1.27889966965,exp14,2,8,6,266,256,10,rp.session.radical.mturilli.017171.0002
rp.session.radical.mturilli.017172.0000,1131.37380004,10487.0212002,27.6050999165,0.00150012969971,0.109699964523,11357.1717,10189.1100998,1.11419868469,0.568797826767,9583.50399995,0.0497000217438,0.90969991684,exp14,3,8,8,256,256,0,rp.session.radical.mturilli.017172.0000
rp.session.radical.mturilli.017172.0002,242.349400043,2976.48049998,46.9056999683,0.00169992446899,0.104000091553,6612.28699994,2730.92460012,0.0239005088806,0.0318002700806,1728.48089981,0.00519990921021,0.21530008316,exp14,6,8,7,16,16,0,rp.session.radical.mturilli.017172.0002
rp.session.radical.mturilli.017172.0003,355.572799921,6814.73589993,27.2311000824,0.00180006027222,0.106499910355,7060.09520006,6597.65840006,0.375699996948,0.306999444962,6130.95440006,0.0348999500275,1.32889986038,exp14,2,8,7,128,128,0,rp.session.radical.mturilli.017172.0003
rp.session.radical.mturilli.017173.0000,332.65079999,4319.20350003,26.7871999741,0.00160002708435,0.198199987411,4687.76200008,4027.10200047,0.0314998626709,0.0323996543884,3883.4145,0.00869989395142,0.427999973297,exp14,2,8,1,32,16,16,rp.session.radical.mturilli.017173.0000
rp.session.radical.mturilli.017173.0001,436.361600161,1189.13919997,26.7762999535,0.00139999389648,0.19989991188,1520.88300014,960.583899975,0.0076003074646,0.0120997428894,508.80369997,0.00250005722046,0.200500011444,exp14,4,8,6,8,8,0,rp.session.radical.mturilli.017173.0001
rp.session.radical.mturilli.017173.0002,564.234799862,8835.22379994,26.4446001053,0.00169992446899,0.112499952316,9064.80849981,8619.86389995,0.104300737381,1.53180003166,6545.05279994,0.015499830246,0.392400026321,exp14,4,8,5,64,64,0,rp.session.radical.mturilli.017173.0002
rp.session.radical.mturilli.017174.0000,1914.02950001,2533.24860001,26.8919999599,0.00250005722046,0.107599973679,3616.54870009,2316.76779985,0.081399679184,0.0769000053406,1871.12420011,0.00850009918213,0.340399980545,exp14,1,8,8,32,32,0,rp.session.radical.mturilli.017174.0000
rp.session.radical.mturilli.017174.0001,1097.89129996,3433.41690016,26.7173001766,0.0019998550415,0.110900163651,7958.92030001,3207.44330001,0.247900247574,2.51250004768,2683.90500021,0.0171000957489,0.705799818039,exp14,1,8,8,64,64,0,rp.session.radical.mturilli.017174.0001
rp.session.radical.mturilli.017174.0003,274.895799875,1659.89059997,26.9460999966,0.00340008735657,0.108299970627,6582.38479996,1429.5395,0.00669980049133,0.0108001232147,723.786500216,0.00349998474121,0.161999940872,exp14,6,8,7,8,8,0,rp.session.radical.mturilli.017174.0003
rp.session.radical.mturilli.017174.0004,515.427700043,10872.3099,27.1267001629,0.00249981880188,0.106300115585,11051.7971001,10647.5927999,0.350101470947,0.218900918961,9924.85150003,0.0369999408722,0.711799860001,exp14,5,8,5,128,128,0,rp.session.radical.mturilli.017174.0004
rp.session.radical.mturilli.017174.0005,274.279700041,32554.0871,27.1988999844,0.00289988517761,0.109100103378,32764.1299999,32324.7119999,1.01570057869,1.61740374565,31885.2658,0.140700101852,1.52130007744,exp14,3,8,6,512,512,0,rp.session.radical.mturilli.017174.0005
rp.session.radical.mturilli.017175.0000,349.312299967,12101.0154002,27.6157000065,0.00180006027222,0.104300022125,12326.2859001,11862.5876,0.574099779129,0.490399837494,11783.1852,0.0662999153137,0.87299990654,exp14,4,8,7,258,254,4,rp.session.radical.mturilli.017175.0000
rp.session.radical.mturilli.017175.0001,280.460299969,1151.023,27.1882998943,0.00200009346008,0.10439991951,1399.02039981,930.981300116,0.0170001983643,0.0271999835968,504.220499992,0.00540018081665,0.217399835587,exp14,2,8,8,16,16,0,rp.session.radical.mturilli.017175.0001
rp.session.radical.mturilli.017175.0002,247.39260006,6502.52060008,27.0014998913,0.00160002708435,0.106499910355,6726.43359995,6288.01729989,0.282498598099,0.26509976387,5955.95440006,0.0309000015259,0.536799907684,exp14,4,8,6,128,128,0,rp.session.radical.mturilli.017175.0002
rp.session.radical.mturilli.017175.0003,338.65989995,1610.57319999,27.174200058,0.00239992141724,0.107000112534,1868.00390005,1399.17389989,0.016900062561,0.0258004665375,729.444399834,0.00359988212585,0.667600154877,exp14,3,8,8,16,16,0,rp.session.radical.mturilli.017175.0003
rp.session.radical.mturilli.017175.0004,225.63560009,2287.26830006,26.6980998516,0.00260019302368,0.10489988327,2480.05060005,2078.07190013,0.0103001594543,0.020299911499,1068.22389984,0.00279998779297,0.115200042725,exp14,2,8,8,8,8,0,rp.session.radical.mturilli.017175.0004
rp.session.radical.mturilli.017178.0003,276.51429987,35872.9087,27.6570999622,0.00260019302368,0.107499837875,36118.1785998,35692.2439001,1.01839828491,2.44990086555,34907.4343002,0.128599882126,1.44970011711,exp14,3,8,7,512,512,0,rp.session.radical.mturilli.017178.0003
rp.session.radical.mturilli.017179.0000,403.053100109,1611.62199998,27.4832000732,0.00179982185364,0.110100030899,3366.3611002,1444.59549999,0.0152003765106,0.0174999237061,743.879499912,0.00349998474121,0.114000082016,exp14,3,8,6,8,8,0,rp.session.radical.mturilli.017179.0000
rp.session.radical.mturilli.017179.0001,480.894500017,14906.5464001,26.7017998695,0.00170016288757,0.107699871063,27007.2039001,14643.7189,0.134099960327,2.17920017242,14292.4886,0.029000043869,0.547399997711,exp14,3,8,3,128,127,1,rp.session.radical.mturilli.017179.0001
rp.session.radical.mturilli.017179.0002,2667.94939995,105337.1388,27.82310009,0.00150012969971,0.103999853134,105567.6033,105250.568999,1.89440202713,4.62510037422,103470.291501,0.116400003433,1.23309993744,exp14,3,8,7,512,500,12,rp.session.radical.mturilli.017179.0002
rp.session.radical.mturilli.017181.0000,504.53489995,15679.661,27.7846000195,0.00269985198975,0.105800151825,15957.1255999,15493.1134,0.657397031784,0.485198497772,14908.0827,0.0863001346588,0.787400007248,exp14,5,8,7,256,254,2,rp.session.radical.mturilli.017181.0000
rp.session.radical.mturilli.017182.0000,1270.50430012,29952.1542001,28.1816999912,0.0025999546051,0.109800100327,31073.6805,29745.9059,0.436501502991,3.17619943619,29274.1438999,0.11579990387,0.968899965286,exp14,3,8,4,256,252,4,rp.session.radical.mturilli.017182.0000
rp.session.radical.mturilli.017183.0000,2498.81539989,43762.8456001,26.9595000744,0.00230002403259,0.105400085449,43925.9589,43575.6831,0.794701814651,4.19590139389,42484.9454,0.156199932098,1.21000003815,exp14,3,8,7,512,506,6,rp.session.radical.mturilli.017183.0000
rp.session.radical.mturilli.017183.0001,1736.78919983,19531.3264999,26.8535001278,0.00230002403259,0.110399961472,20128.0621998,19284.1330001,0.369402170181,0.398203849792,18592.4269001,0.0841000080109,0.778100013733,exp14,3,8,6,256,252,4,rp.session.radical.mturilli.017183.0001
rp.session.radical.mturilli.017193.0000,317.715199947,14954.2908001,26.8001999855,0.00149989128113,0.112500190735,15264.3775001,14681.0125,0.560899019241,0.791504144669,14271.7804,0.0764000415802,0.751600027084,exp14,2,8,7,256,253,3,rp.session.radical.mturilli.017193.0000
rp.session.radical.mturilli.017193.0002,299.762299776,253657.016,26.1111001968,0.00149989128113,0.10790014267,253936.1059,73685.0774002,0.174498796463,0.1674015522,73303.2122004,0.125,1.0396001339,exp14,1,8,5,512,506,6,rp.session.radical.mturilli.017193.0002
rp.session.radical.mturilli.017202.0000,450.343400002,8376.75310016,29.2321999073,0.00440001487732,0.10640001297,20373.424,7117.59840012,0.200402736664,0.205699920654,6391.86899996,0.0458002090454,0.658699989319,exp15,5,16,11,128,120,8,rp.session.radical.mturilli.017202.0000
rp.session.radical.mturilli.017202.0001,266.243800163,3076.62730002,29.0498998165,0.00470018386841,0.105499982834,3248.02509999,2828.68839979,0.100299119949,0.114099025726,1904.97259998,0.0207998752594,0.361200094223,exp15,6,16,14,64,64,0,rp.session.radical.mturilli.017202.0001
rp.session.radical.mturilli.017202.0002,1217.69689989,7249.39470005,28.6967000961,0.0048999786377,0.103600025177,8353.54629993,7001.5389998,4.77549910545,0.757800579071,6332.09990001,0.0952999591827,1.24170017242,exp15,5,16,16,256,256,0,rp.session.radical.mturilli.017202.0002
rp.session.radical.mturilli.017203.0000,308.320999861,18404.0977001,29.7439000607,0.00440001487732,0.107599973679,18609.8181,18140.4929998,0.595598697662,3.94349861145,17143.7969,0.142999887466,1.20519995689,exp15,4,16,14,512,504,8,rp.session.radical.mturilli.017203.0000
rp.session.radical.mturilli.017203.0001,539.437799931,1899.07010007,28.853399992,0.00570011138916,0.114199876785,2087.24430013,1627.5223,0.0354990959167,0.0497000217438,1129.11470008,0.0167000293732,0.235800027847,exp15,7,16,14,32,32,0,rp.session.radical.mturilli.017203.0001
rp.session.radical.mturilli.017203.0002,218.702299833,3130.38969994,29.1023001671,0.00440001487732,0.104499816895,3288.58739996,1437.38590002,0.0138003826141,0.0209007263184,735.642499924,0.00609993934631,0.225899934769,exp15,6,16,10,16,14,2,rp.session.radical.mturilli.017203.0002
rp.session.radical.mturilli.017203.0003,326.491600037,7820.04630017,28.5297000408,0.00209999084473,0.101999998093,8089.06200004,7582.58650017,0.730501413345,0.616001605988,6493.49769998,0.0838000774384,0.727400064468,exp15,3,16,15,256,256,0,rp.session.radical.mturilli.017203.0003
rp.session.radical.mturilli.017203.0004,471.904999971,17240.7563,28.9838998318,0.0038001537323,0.104599952698,17425.4548998,16942.1754,0.864597558975,7.81190109253,15970.4243,0.125199794769,1.12720012665,exp15,2,16,15,512,496,16,rp.session.radical.mturilli.017203.0004
rp.session.radical.mturilli.017203.0005,311.719399929,12611.8316998,29.0801000595,0.00349998474121,0.106199979782,12851.1822,12352.5583999,1.05989861488,0.811196088791,11401.7328,0.106800079346,1.07949995995,exp15,3,16,16,512,507,5,rp.session.radical.mturilli.017203.0005
rp.session.radical.mturilli.017204.0000,3713.15610003,6857.66600013,31.5766999722,0.00570011138916,0.10640001297,18822.1936002,6603.64569998,0.249199867249,0.234199285507,6152.20099998,0.0311000347137,1.04410004616,exp15,6,16,10,128,58,70,rp.session.radical.mturilli.017204.0000
rp.session.radical.mturilli.017204.0001,277.329600096,1330.62899995,29.4586999416,0.00460004806519,0.106299877167,1525.79139996,1097.87949991,0.0389995574951,0.0599002838135,662.359600067,0.00850009918213,0.225699901581,exp15,3,16,14,32,32,0,rp.session.radical.mturilli.017204.0001
rp.session.radical.mturilli.017204.0002,1246.33679986,1674.97180009,28.8169999123,0.00600004196167,0.104700088501,3918.58930016,1432.34179997,0.0218000411987,0.0270998477936,720.592200041,0.0048999786377,0.209000110626,exp15,7,16,12,16,16,0,rp.session.radical.mturilli.017204.0002
rp.session.radical.mturilli.017204.0003,3654.50419998,4119.58249998,29.1174998283,0.00310015678406,0.101999998093,4307.66470003,3864.31110001,0.134599924088,0.177001476288,3325.7572,0.0163998603821,0.359800100327,exp15,6,16,15,64,64,0,rp.session.radical.mturilli.017204.0003
rp.session.radical.mturilli.017204.0004,3051.66420007,3439.52069998,29.1520998478,0.00290012359619,0.109899997711,5824.61520004,3186.29190016,0.068900346756,0.0618991851807,2737.84599996,0.0105001926422,0.237999916077,exp15,6,16,10,32,32,0,rp.session.radical.mturilli.017204.0004
rp.session.radical.mturilli.017204.0005,2660.03990006,8796.73559999,28.7808001041,0.00419998168945,0.105099916458,8993.02689981,8565.25370002,0.370101928711,0.377901077271,7863.50769997,0.0618999004364,0.747600078583,exp15,6,16,15,256,254,2,rp.session.radical.mturilli.017204.0005
rp.session.radical.mturilli.017204.0006,266.196900129,4915.92319989,28.8863999844,0.00269985198975,0.104500055313,16940.4316001,4680.36750007,0.117000341415,0.125700473785,3467.19340014,0.0156998634338,0.376000165939,exp15,7,16,10,64,64,0,rp.session.radical.mturilli.017204.0006
rp.session.radical.mturilli.017204.0008,232.815900087,2016.87540007,28.7221999168,0.00240015983582,0.104799985886,12357.1163001,1755.9296,0.0147993564606,0.020200252533,870.026000023,0.00480008125305,0.211099863052,exp15,4,16,8,16,16,0,rp.session.radical.mturilli.017204.0008
rp.session.radical.mturilli.017205.0000,208.740200043,4017.17700005,29.3079998493,0.00430011749268,0.102599859238,4165.67980003,3776.65030003,0.304698944092,0.29940032959,3214.08579993,0.0453000068665,1.32520008087,exp15,4,16,16,128,128,0,rp.session.radical.mturilli.017205.0000
rp.session.radical.mturilli.017205.0001,667.276199818,6021.38880014,29.2515001297,0.00499987602234,0.104400157928,17982.8125,5774.94950008,0.116800308228,0.123099327087,4922.09979987,0.0240001678467,0.376999855042,exp15,5,16,10,64,64,0,rp.session.radical.mturilli.017205.0001
rp.session.radical.mturilli.017205.0002,289.37040019,7518.37039995,29.2518999577,0.00289988517761,0.112400054932,7751.92489982,7252.47010016,0.833098649979,0.647699117661,6457.29519987,0.0764999389648,0.75870013237,exp15,4,16,15,256,256,0,rp.session.radical.mturilli.017205.0002
rp.session.radical.mturilli.017205.0003,210.805400133,20078.9914999,29.1635000706,0.00409984588623,0.124400138855,20253.9407001,18149.3707001,1.33999681473,2.58290410042,17276.6809001,0.132899999619,1.15590000153,exp15,5,16,13,512,512,0,rp.session.radical.mturilli.017205.0003
rp.session.radical.mturilli.017206.0000,248.861799955,4115.42989993,29.7187001705,0.00519990921021,0.10689997673,16114.0880001,3871.03320003,0.0421996116638,0.0490002632141,2637.81349993,0.0159001350403,0.250900030136,exp15,6,16,9,32,32,0,rp.session.radical.mturilli.017206.0000
rp.session.radical.mturilli.017206.0002,332.749799967,1919.27209997,29.0674002171,0.00440001487732,0.10909986496,2136.55250001,1438.55870008,0.0134999752045,0.0232994556427,723.823199987,0.00909996032715,0.701799869537,exp15,6,16,15,16,16,0,rp.session.radical.mturilli.017206.0002
rp.session.radical.mturilli.017206.0003,229.392499924,3522.43999982,28.7548999786,0.00309991836548,0.104300022125,3691.54789996,3277.64250016,0.212099790573,0.430300712585,2734.62039995,0.0522999763489,1.34189987183,exp15,4,16,15,128,128,0,rp.session.radical.mturilli.017206.0003
